Samples	acr3	amt1	amtb	arsr	cara	carb	chra	cira	cyns	dada	dpsa	expd	fepb	fepc	foca	fur	futa	gap1	gdha	glna	glnb	glsf	isib	moaa	moab	moac	moad	moae	moba	moea	nadb	napa	narb	nira	ntca	phnd	phoa	phob	phoe	phor	phox	ppa	ppk	ppx	psta	pstb	pstc	psts	ptra	spea	speb	sqdb	thio	tolq	tonb	urea	ureb	urec	ured	uree	uref	ureg	urta
S01_Z01	158.93999000000002	128.38909	2407.23777	158.49528999999998	6808.915510000002	4930.50579	321.41241	9.84432	743.50983	2769.516819999999	0.0	0.0	0.0	82.236	0.0	8408.94623	0.0	413.1635399999999	3079.26666	4032.26193	3094.21394	422.0536	510.33938000000006	4089.49632	2218.015520000001	3996.99333	4354.94998	3521.562650000001	4045.4126699999983	4552.673669999999	1948.05463	975.6126	188.6565	489.2122	477.2838	510.5388	566.27136	1514.7772899999998	0.0	2562.71849	73.7736	1157.7796400000002	1625.4187599999998	3707.5654799999984	938.01215	1218.9836200000002	739.3981899999999	1134.6525299999998	226.12420000000003	974.2968	2015.52499	197.27535	1229.7076100000002	2938.8142300000004	596.1250999999999	844.74952	733.82803	530.21757	801.0533100000002	657.0300800000001	480.72158	611.57914	1016.0066
S01_Z05	8.09798	11.3582	1203.83586	522.1687	4089.621590000003	2983.396780000001	59.11242	28.33676	118.37302	2573.885770000001	0.0	0.0	0.0	11.93296	0.0	3959.094719999999	0.0	80.4246	1526.2654399999994	2192.124059999999	1201.00752	41.6922	61.7399	3143.325520000001	1735.5362799999998	3750.66431	2390.4465200000004	2531.004919999999	3278.7961300000006	2563.54267	1302.4711199999997	41.95513	3.08955	54.03983	9.18806	269.06602000000004	261.12694000000005	461.39939000000015	0.0	653.3674199999999	126.39771000000002	410.13054	371.32314000000014	434.57697999999993	143.2736	214.176	213.67844	515.90738	237.5048	151.01996	1852.24318	32.27202	366.56151	1762.7367899999988	442.02135	277.46680999999995	251.18658	245.0664	985.92909	285.4651799999999	887.3659100000002	1418.8396200000002	182.37199
S02_Z01	106.84982	138.27620000000002	1854.91017	161.86409	5420.049640000004	4072.82526	277.51948	0.0	473.83331	1712.291779999999	7.01118	0.0	0.0	61.86863	0.0	6773.068199999998	0.0	360.08778	2715.4689499999986	3969.419439999998	2816.78602	317.214	289.49201	2667.597089999999	1838.83907	2811.033629999999	3646.8904200000006	2330.47657	2982.9417300000005	3492.57765	1825.9464799999992	322.8138	138.28879999999998	411.7362	532.1038	488.67789	858.81453	1158.9526200000005	0.0	2258.2807100000005	152.6197	816.12629	1198.25537	2019.88268	701.6161500000001	762.2698200000003	644.86273	976.46965	164.18630000000002	784.2754900000001	1898.88659	28.70475	1198.680649999999	1821.88459	466.79893	518.05752	440.5318	198.69673	584.9549099999999	265.13513	356.9688700000001	391.37428000000006	382.45683
S02_Z03	64.8475	129.17148	1479.9587399999998	138.93608999999998	5094.735620000002	3671.861310000001	126.18803	7.0	483.5670500000001	1712.1630999999998	2.61111	0.0	0.0	35.39571	0.0	5381.275989999997	0.0	217.7057	2019.62683	2621.10411	2156.57975	11.1122	178.7356	2479.2239600000003	1161.0555700000002	2519.7821999999987	2697.08885	2711.85677	2785.346079999999	2803.524960000001	1248.5974600000002	441.4149	181.95246	391.6953	406.3473	513.3198	540.62013	793.8333299999999	0.0	1677.7489000000007	81.58491000000001	371.36702	1117.0963700000004	1648.3101600000005	499.04486	463.49546	445.92224	613.5079199999999	173.88670000000002	599.43271	1482.3751900000002	446.96281	733.81622	1618.1868000000002	410.8270199999999	668.1190499999999	457.29131	317.03270999999995	541.2963900000001	296.99845000000005	308.50747	544.96571	172.20918
S02_Z05	18.6213	10.57169	1963.2386100000003	495.54961	5082.905360000005	3813.1920299999992	175.55354	0.0	133.15216	2210.735380000001	0.0	0.0	0.0	16.7185	13.07201	4755.728520000003	20.7772	428.28413	1803.7433800000003	2938.6021000000005	1750.8067300000007	41.71396	106.64872	4064.213209999999	1814.8885900000007	3539.033050000002	2982.287609999999	3493.96335	4203.490282000002	3076.958680000002	1251.44847	122.48652	17.27833	78.18086	42.13289	318.69320000000005	257.1040899999999	582.6696299999999	7.06252	749.05854	191.16457000000003	592.98299	510.67549000000014	773.5946499999999	523.6762100000002	500.58662	549.5552200000001	824.46118	293.00479999999993	309.7201999999999	2695.8121200000005	90.51942	625.5633600000002	1973.106900000001	267.1651	739.94839	402.65608	388.58143999999993	1011.39004	358.87187	723.77176	1196.6038500000004	166.69906
S03_Z01	38.61348	119.6001	1203.8617799999995	120.99533	3740.73136	2478.895170000001	150.38978999999998	6.50827	422.07896	1759.2355999999995	0.0	0.0	0.0	27.67476	0.0	4315.905839999998	0.0	67.5561	1515.8570699999998	2356.0613200000003	1482.97453	15.1235	217.88804	2080.70964	1365.65365	2012.6467300000008	2433.960360000001	2326.177530000001	2389.5049699999995	2679.736889999999	1012.8989400000002	267.1376	154.5315	259.52828	425.73482	448.53238	406.02069000000006	579.4844800000002	0.0	1039.95182	86.05798	491.3821399999999	967.4752100000002	1727.18117	471.95237	386.39471	297.46548	498.7291699999999	113.6183	390.51151	1419.87638	400.8233	613.2174200000001	1555.6285800000005	206.91867	426.37552	392.32688	303.27557	439.6782	301.48277	267.75772	266.32317	306.2727
S03_Z03	39.0748	81.20479	1680.4743899999996	187.69931	5056.7704300000005	3853.246039999998	223.43145	12.6201	481.86955	2424.552640000001	0.0	0.0	0.0	24.75836	0.0	5955.736829999997	2.89124	375.17057	2125.86238	2933.292019999999	2067.140540000001	262.18352000000004	272.93407	3305.5383700000016	2300.910320000001	3139.948800000001	3406.2262100000025	2643.872140000002	3306.704319999997	3115.2830300000005	1875.56011	529.367	396.2649	395.85546	317.24060000000003	377.13137000000006	630.3190799999999	1016.07205	0.0	1692.37109	165.62766	803.3142600000001	1199.2650299999996	1792.9635399999995	646.48045	550.1465300000001	607.4001899999998	813.3489200000002	216.60346	635.0915799999999	2184.803540000001	152.46439	843.8393400000001	1879.68956	384.6884399999999	712.9272400000001	473.84622	406.2778799999999	987.95385	528.41768	366.96982	785.4935200000001	542.79199
S03_Z05	13.88131	32.00785	1396.93105	168.2471	4343.951259999999	2806.96837	102.6857	28.3222	132.07508	1779.7851099999991	0.0	0.0	0.0	38.81495	0.0	4226.188110000002	0.0	90.97384	1533.91829	2486.715679999999	1772.4137399999995	69.3866	181.71109	2536.05248	1630.95914	2629.225440000001	2176.9561000000003	1946.9667899999995	2664.6755900000003	2446.7542400000007	1791.6777599999994	83.63589999999999	49.92127	182.09954	95.5175	278.1184	507.83777	723.0517800000001	0.0	1031.2237500000003	36.08026	712.2108600000001	584.76588	896.55687	416.60243	378.83443000000005	471.7171000000001	527.7093199999999	231.7621	285.15634000000006	1235.5634199999995	21.44849	447.80188	1634.261789999999	292.39301000000006	368.90922	249.44493000000003	262.458	831.80968	356.66739000000007	386.44501	770.5024799999999	251.95474
S04_Z01	90.6426	100.3001	2268.935079999999	166.31495	7005.805400000002	4539.4029500000015	217.5951	0.0	293.26852	2759.4480300000005	0.0	0.0	0.0	48.50596	0.0	7788.398549999997	0.0	206.02123	2883.642369999999	3343.5220900000013	2770.9887500000004	121.62896	441.87118	3693.503079999998	2303.0873699999997	3026.3934100000006	4249.269440000001	2361.3239400000007	4843.62288	4951.693750000001	1895.066200000001	847.28582	158.60472	311.13178	183.74118	368.98613	967.38454	891.6997999999999	0.0	2541.66262	111.31147	480.36495	1015.3955600000002	1996.7298000000003	577.1711199999999	550.4530499999998	729.9401699999997	619.44814	202.21805	485.00071	1908.23929	185.48108	1100.3228800000002	2769.28773	671.78878	475.40703	429.83208	212.3148	493.7365999999999	318.07713	403.63642	388.66032999999993	444.7008799999999
S04_Z05	11.4723	24.64314	1741.1361699999998	281.12451000000004	5119.37371	3605.698630000001	120.40804	0.0	131.85761	2450.2417	0.0	0.0	0.0	29.48362	0.0	5145.137800000001	0.0	19.26088	1820.4448	2579.4293800000014	2052.02243	15.15503	150.87766	2838.5245	1850.4811400000008	3091.047	2752.392480000001	2437.062680000001	3251.026969999999	3295.06704	2141.6554099999994	78.11665	62.93347	30.2934	33.853100000000005	179.34811	765.9088799999998	780.7071999999998	3.48462	1439.02297	238.18777	898.6607000000002	758.49414	1212.1298900000002	456.29343	499.9309999999999	568.45475	421.7222	190.9514	222.76714	1192.7562899999998	36.3274	469.76629	1876.8060999999989	425.86866	362.4542699999999	272.40999	203.85912	372.3424	163.14542	210.88374	465.7562400000001	207.85345
S05_Z01	123.7502	101.10798	2657.22021	282.05153000000007	9076.975220000002	6089.305679999997	274.81056000000007	12.3503	509.71485	3612.2369499999977	0.0	0.0	0.0	23.988	0.0	10062.775939999998	0.0	283.24695999999994	3855.5276000000017	4059.577609999998	4012.5481400000017	22.2343	1188.9273699999997	5294.821309999997	2294.7607	4087.29357	4277.668819999999	3344.4227600000017	5534.040469999997	5719.073110000003	2074.81658	824.2530999999999	558.27998	271.8179	217.9771	396.13659	1071.8621	1371.0532700000003	0.0	3739.16327	221.2657	880.7492699999999	1772.1941000000006	3209.03418	457.06365	735.20923	470.85898	676.3819500000003	123.43698	701.3689500000002	2118.128220000001	308.96503	2097.13721	3504.675179999999	1483.5251799999996	849.45052	725.43746	486.51189	836.4038199999999	549.5008799999999	447.07945	488.87969	473.2777
S05_Z05	0.0	0.0	1951.25311	406.4183	8095.752169999999	5518.258969999997	231.06420000000003	17.25968	189.43861	3693.4807800000017	0.0	0.0	0.0	49.1941	3.14993	6727.1325999999935	0.0	17.5416	2284.725280000001	4403.012679999998	2540.10256	32.39546	447.21653	4208.728469999998	2402.87418	4702.927589999998	4067.455819999998	3998.633799999999	5245.171849999996	4479.860980000001	2218.9206800000006	148.43703	85.29776	96.2608	8.68932	274.76879	1137.8257400000002	980.6114000000002	0.0	1729.3388300000004	159.0163	1492.91987	950.55286	1320.8213499999997	682.4400400000001	760.2997400000004	665.36617	960.20543	489.20125	367.3581299999999	2779.763740000001	43.42083	709.4746699999998	2975.5571900000004	600.95787	1090.5867200000002	459.52165	264.47838	1865.16339	307.67481	547.4506999999999	1798.76723	127.84489
S05_Z07	0.0	5.15212	1940.7615899999992	306.76447	5668.537189999998	4795.20945	168.8169	0.0	97.88121	2722.3598500000003	0.0	0.0	0.0	46.41856000000001	0.0	5004.871270000001	0.0	295.11112	2023.8867100000004	3477.5660900000003	1952.56333	30.40628	142.35042	3957.2638700000016	1727.3919300000005	3917.483459999999	3056.602359999999	3761.831510000002	3833.202580000002	2927.449990000001	1004.64505	109.50983	3.76893	42.98788	30.44915	246.4596	785.5410699999999	1132.3098800000002	0.0	1142.3401700000002	339.88635000000005	995.89815	603.8127699999999	1127.01625	434.14559	511.72748999999993	403.4484700000001	721.87938	564.61676	141.71144	2347.44757	17.3185	584.29092	2131.1321700000003	497.60403	441.4834300000001	217.16809000000003	278.23032	1795.0647400000005	671.74809	449.11569	1697.5706900000002	60.50982
S06_Z05	22.5385	3.97314	1298.80879	704.5511399999999	4946.945570000004	2825.9183900000025	136.41623	11.7918	12.7383	2096.510770000001	0.0	0.0	0.0	180.39884	11.8119	3809.3898999999983	0.0	73.05641	1361.09457	2571.60778	1415.5401599999996	0.0	0.0	3864.875079999999	1614.4404599999998	3278.3303299999984	2594.6642500000007	2541.81096	3840.348289999999	2313.61162	664.8659299999999	83.40058	0.0	8.46916	12.1033	445.90022	252.01564	631.73068	0.0	761.39613	112.1352	196.24633	298.82289999999995	450.1841700000001	377.2097	409.16546	455.70903	649.03542	392.4869	122.09175	1743.29476	66.9802	494.18105000000014	1799.0966199999998	579.99594	436.13057	376.1319899999999	199.18444	751.61588	156.94259999999997	526.5691500000001	521.53418	106.20577
S07_Z01	62.05649	10.2905	1729.2105500000002	267.93147	4881.367369999999	3935.602869999999	107.17976	18.42279	165.23090000000002	2545.37591	4.55789	0.0	0.0	19.989600000000003	0.0	5909.768039999999	0.0	178.8828	2550.2259899999995	2223.27695	1373.1722100000004	96.1823	166.0391	3149.36733	1437.9425	3444.387539999999	2616.5990100000004	2232.8798299999994	3932.99241	3117.091410000001	1901.10732	684.2714500000001	82.4422	177.0355	110.799	181.30143	628.8784400000001	765.09826	0.0	1235.17213	123.3274	418.92701000000005	511.85172	1151.31989	192.76347	393.69104	255.39618	488.53396	120.82515	351.4803	1900.5466599999995	95.49207	432.7541500000001	1730.8187999999998	567.0270800000001	402.22088	175.86403	211.55192	368.85865000000007	242.19136	237.31561	371.79991	203.34253
S07_Z03	30.22785	2.47713	1489.72138	392.54406	7235.118540000007	4615.458193999999	292.6425700000001	8.73306	191.14414	3569.6486099999997	7.17967	0.0	0.0	117.74313	7.11865	7144.612619999998	16.9247	22.5704	3040.790770000001	3657.815520000001	2049.59682	166.0414	92.38378	4978.959600000001	2720.530029999999	4443.73082	3990.7415899999983	3588.9754499999995	5381.926569999996	3771.6399900000006	1758.6649499999996	46.96838999999999	90.16568	157.17587	106.85896	337.91997000000003	493.90352000000007	737.5383899999999	0.0	1517.7475100000004	168.21432	445.29661	533.4205399999997	957.5924	496.54387	654.0540899999999	570.65573	664.0253999999999	365.80659	268.55915000000005	2783.32984	98.20183	692.58391	2606.235480000002	497.9955900000001	549.23322	602.6757700000002	243.6809	967.98092	281.80483	862.0081399999998	1027.85866	145.01861000000002
S07_Z05	21.51495	15.573530000000002	739.3571900000001	481.50366	3081.763480000002	1992.4210100000007	109.22248	0.0	44.16081	1425.1875700000005	0.0	0.0	0.0	69.4605	6.57424	2287.747210000001	7.26776	127.519	782.1437500000001	1858.52682	946.30806	40.4752	6.84335	2063.8028819999995	1031.6396700000005	2344.640929999999	1670.967759999999	2188.17608	2366.11591	2086.088610000001	347.66223999999994	11.0706	11.80469	46.3778	48.13204999999999	124.2528	91.58874	480.38682000000006	0.0	591.42032	104.72887999999998	116.06445	193.66952	279.06852999999995	191.41038	247.36887	242.82711	365.3516100000001	80.02934	97.84684	1284.0888599999998	4.71754	376.85825000000006	1103.99023	331.23925	322.17299	173.127	277.54619	776.04185	124.21482	412.76281	490.14247	112.25790999999998
S08_Z01	35.922610000000006	286.4159	3391.0303900000004	192.70047	6835.9667000000045	4694.342450000001	374.4738	7.99782	399.92423	2507.7318399999995	0.0	0.0	0.0	0.0	0.0	7278.645920000003	0.0	144.0587	3006.82952	4573.757160000001	3209.03932	97.17171	446.35359	4748.435009999999	3199.5648800000017	3998.16772	4494.02238	3410.91756	4306.806120000001	5172.36393	2247.07931	746.5890899999999	58.1111	528.9539	393.692	634.2533699999999	1092.9703	1526.76014	0.0	2742.94518	88.17240000000001	590.40081	1510.06147	2603.22714	885.6630500000002	791.5465399999999	786.9321999999997	1023.3913599999998	202.70817	305.10635	2487.86991	245.11813	863.8594600000001	3256.9383900000016	729.75229	802.4763199999999	713.6075299999998	731.1272900000001	831.6056500000001	501.8552699999999	670.9945799999998	505.26311	606.0115999999999
S08_Z03	22.76779	133.61989	4673.047080000001	363.68199	8459.627031	5656.068970000001	361.8150099999999	26.37959	462.94957	3508.16807	0.0	0.0	0.0	13.6923	0.0	9389.991670000005	0.0	205.44555	3624.32309	5074.69163	4103.66216	66.05030000000001	350.74092	5415.555400000003	3015.9699600000004	5147.775719999999	4967.236020000002	3655.089579999999	6094.417100000001	5234.759889999998	3126.9513500000007	623.645	94.4946	398.37540000000007	248.3791	713.7925000000001	1087.9704	1728.39446	0.0	2824.3157300000003	120.51646	778.06103	1211.40519	2099.64039	815.6589399999998	948.2342599999998	749.4832999999999	1061.83335	251.10284	510.12363	2598.7753300000004	243.51876	1101.6131999999998	3852.993519999999	769.4346999999999	1354.97383	1134.3339300000005	694.76916	962.76371	534.76523	1090.2501900000002	1320.7203200000006	462.6958100000001
S08_Z05	0.0	10.7621	1195.98508	296.56669	3318.965336999998	2739.01171	58.83949	0.0	214.96409000000003	1999.7023799999995	0.0	0.0	0.0	27.5838	7.4721	3446.73161	0.0	79.45246	1212.06905	2439.818204	1315.1169599999998	0.0	41.43873	2704.6654499999995	1165.9640099999997	3549.28509	2210.69533	2261.0341200000003	3144.76677	2419.435469999999	1324.2207499999995	70.18612999999999	26.82824	81.95793	34.88815	113.23333	375.61685	575.5156599999999	0.0	1152.5669299999995	123.28566	688.6528999999998	436.1335700000001	589.3578299999999	250.37868	272.07627	322.48708	477.81001	100.13243	81.22572	2326.9085000000005	8.16652	254.20757000000003	1313.1663800000006	192.893	337.38351	418.28993	167.83728	727.4783199999999	182.81884	493.35531	1156.8837699999997	71.89782000000001
S09_Z01	409.88495	35.90461	2802.0096000000003	241.81315	6663.086670000001	5228.771990000008	198.40250000000003	17.4507	166.94123	2896.1337100000005	9.81142	0.0	0.0	5.18241	0.0	8773.118289999999	0.0	44.54266	4124.124330000001	4870.704750000002	3021.7087199999987	39.6523	94.48882	4455.329810000001	2707.3823700000003	4823.960059999999	4164.983719999999	4013.059929999999	4869.211389999999	6337.951969999997	2301.4993399999994	389.5573	61.77693	114.98085	44.50376	262.43419	701.8588	1251.9683	0.0	3102.19293	40.61894	831.75113	1190.60798	2728.85086	677.5137299999999	766.6648200000001	756.0325100000001	696.4828699999999	122.91837	522.3503599999999	2681.491140000001	73.12912	1348.1484399999997	2546.36851	1203.5628399999996	728.01511	653.3215200000001	584.36493	744.48828	449.03553	579.37309	685.1717500000001	459.67061000000007
S09_Z03	501.0392399999999	22.1553	2796.216170000001	213.70929	7377.305010000001	5185.132750000001	112.81379	20.1367	178.09605	3251.959210000001	0.0	0.0	0.0	0.0	9.73123	8746.878129999996	0.0	24.6971	3805.584380000001	3830.036330000001	3252.6163000000006	27.9931	90.07227000000002	4879.30984	2295.01424	4127.596939999999	4302.32931	3648.02731	6181.275180000005	6482.54104	2346.57076	0.0	43.647180000000006	53.958000000000006	37.13617	431.7104500000001	753.3469400000001	1702.095550000001	0.0	3373.00932	124.03534	735.2212299999998	1223.5331599999995	3208.9047100000007	597.28898	802.4088000000003	732.8873799999999	1023.53448	193.44407	501.7931299999999	1989.95243	49.16881	1397.65097	3253.84747	1114.2221200000004	848.5757600000002	949.65869	672.1223800000001	898.90956	620.4139299999999	801.35345	773.98688	506.68974
S09_Z05	428.83802	18.6145	3025.5825599999985	257.03484	6520.891190000003	4547.675959999999	130.11703	16.9148	160.19747	2444.1881499999995	0.0	0.0	0.0	11.6272	8.99199	8106.186289999994	0.0	68.0446	3493.1588999999985	4349.276109999999	2841.97637	25.4501	147.24912999999998	5031.962389999999	3074.39844	3809.41267	4208.277189999998	3569.76806	5121.4142	4757.040740000003	2445.1589499999995	378.75792	22.3928	24.5099	47.13194	318.37527	717.6078200000001	1478.3440400000002	0.0	2823.56809	127.67891	875.54975	1149.1723900000002	2565.6958600000003	674.21497	786.10192	809.1968200000001	760.10342	146.49561	458.1971300000001	2453.704670000001	66.29104	1102.0972499999996	2808.5339400000007	1051.1096899999995	1031.40618	745.3086099999999	603.6843300000002	1130.38775	476.2935100000001	624.70959	1230.42868	529.4886899999999
S10_Z01	258.12783	243.975	3803.81497	292.69359999999995	8582.136970000001	6741.712619999999	323.41093	72.3339	567.5788	2905.815079999999	0.0	0.0	0.0	18.5903	0.0	9593.717570000006	0.0	367.49648	3808.3953099999994	5247.41113	4025.60812	49.85656	310.70541000000003	5594.676930000004	4602.712780000003	5247.987150000001	5454.936250000002	5944.7394	6438.075839999997	5938.622619999999	3099.864610000001	1972.62507	456.71091	513.8993	349.11214	696.0311999999998	936.2228500000002	1586.2378300000007	9.01353	3182.8069	144.62971000000002	1265.11619	1570.17707	2619.16971	773.95726	897.2869699999999	760.42632	1161.1167899999998	269.5858	683.5678	2466.12123	286.66402000000005	1696.82704	3086.4017699999986	862.5609899999998	829.2067000000003	901.8712300000002	562.8694900000002	1311.1163799999997	448.9396	672.7906000000002	1743.06661	573.5081399999999
S10_Z05	99.46346	0.0	2402.9048	535.7859	6147.586329999996	3890.1916699999992	52.03411	23.7174	166.68272000000002	2856.4618399999995	0.0	0.0	0.0	12.123	8.17693	6167.915739999997	4.5568	20.0402	2682.2096400000014	3875.00447	1906.0807800000007	57.1361	111.46864	4248.985159999998	2141.8330100000003	4451.424590000001	3434.23978	3093.453829999998	4500.754240000001	3667.064910000002	1695.9954099999993	130.90763	48.0425	39.76416	10.1606	270.56801	436.36435	846.8656000000001	0.0	1699.6008100000004	193.87	751.4447130000002	694.48063	1366.1717499999995	271.99277	456.6971899999999	436.27142	552.90167	185.65232	178.04045000000002	2313.5342500000006	81.96643999999999	519.8023100000001	2442.767839999999	489.9411100000001	445.48544000000015	607.44915	539.19235	1801.9942399999995	429.60594	901.87388	2100.67441	243.46741
S11_Z01	119.22708	163.219	3212.185	340.41055	6907.2769100000005	4915.819539999998	166.21554000000003	0.0	452.16214	2550.29115	0.0	0.0	0.0	3.01	14.0659	7694.81909	7.81872	214.19213	2036.36878	4304.52302	2836.72672	0.0	264.26201000000003	3407.035299999999	3135.052490000001	3669.5305400000016	3770.305710000001	3147.408529999999	4488.449039999999	3443.412960000001	1921.40133	47.52416	173.47704	299.68137	214.14335000000003	434.5004899999999	856.33776	1104.3016	0.0	2072.1775	78.84901	1168.7123000000004	1232.5361700000003	1840.9879400000004	580.9286199999999	829.6004899999999	490.3506799999999	909.2245400000002	160.77318000000002	350.73248	1640.2606799999996	149.19212	654.6093200000001	2639.767229999999	575.25697	615.3972000000001	777.57977	414.9325	1485.27969	400.2811399999999	472.3422999999999	1591.00882	268.63864
S11_Z03	45.50302	35.9925	2014.3023099999991	308.34664	5577.870449999999	3912.518270000001	147.87542000000002	6.49336	159.85918	2781.717360000001	0.0	0.0	0.0	0.0	28.32995	6397.928880000002	7.78955	300.42565	1976.2520100000004	4055.7948	2277.214969999998	36.3323	213.40057	3858.9996	2393.3108899999997	4151.42614	3524.0744900000004	3305.69847	4160.04862	3885.54702	1574.6474800000003	502.36956	151.62079999999995	88.24969999999999	66.34092	328.31825000000003	521.32685	660.3684199999999	0.0	1365.0293499999996	120.53838	860.29966	708.4522200000001	970.11776	277.82613999999995	456.73805	422.9099900000001	440.74246	197.50112	212.43052	1884.69192	72.52629999999999	404.83013000000005	2343.7592799999998	313.84581	678.80085	602.42885	574.74774	1999.8280500000003	559.68454	1361.7626099999998	1663.7461699999997	198.15854
S11_Z05	84.78952	0.0	3036.9295799999995	771.14655	8184.462429999997	6136.221190000004	162.85702999999995	0.0	188.36533	4437.277810000005	0.0	0.0	0.0	26.6702	34.90816	8791.648699999998	13.98291	77.60492	3151.42026	6119.315436000003	3086.956399999999	0.0	12.5534	6793.710365999999	3791.0463	6886.049179999997	5066.710219999997	4887.636430000001	6337.843799999998	5334.606610000001	2393.459970000001	229.56677	138.29827	10.4705	0.0	438.50936	608.36089	1033.2591799999998	0.0	1994.40385	337.31859000000003	1391.0723199999998	980.7533	1381.77679	457.0457199999999	468.65713	550.62699	726.21723	429.0558	288.69226	3211.195320000001	51.28539	762.53841	3247.749110000001	767.5325899999999	1606.7783300000003	1007.7859500000002	1038.21606	2370.64082	1076.13579	2333.8115399999992	2986.9304799999986	331.97787
S12_Z03	10.4474	10.2208	2946.914770000001	498.31128	9668.376130000002	6850.851549999997	234.08715	45.6849	334.62311	4423.057020000002	0.0	0.0	0.0	49.56591	6.44256	8450.672969999996	6.42765	36.5519	4210.753860000001	5500.920970000006	3439.9546900000005	22.8152	154.51321	6970.348970000001	2918.646359999998	6237.46497	4559.218899999998	4804.192790000001	5421.608470000002	4683.747700000002	2291.25316	80.73001	39.41534	90.9019	34.399820000000005	366.57066000000015	1002.3283800000002	1436.7366900000004	0.0	2654.3433400000004	281.45621	985.4982099999996	1365.4715399999995	1756.7948	429.874	696.7518900000002	548.7722699999999	822.2559299999999	452.2820500000001	298.20759000000004	3212.4319199999995	23.52863	755.32371	3569.6976200000013	990.98587	825.6634099999999	302.00192	351.99802	1971.9799100000007	329.11785000000003	900.06742	1661.77183	222.53902
S12_Z05	15.56961	0.0	1648.2907100000004	327.29080000000005	5863.618530000001	3913.4319300000016	154.97353	24.25081	153.79301	2450.65617	0.0	0.0	0.0	35.06257	8.09252	5266.156820000003	0.0	30.88339	2605.53018	3501.8188400000004	1971.1140100000005	9.77167	76.12835	4078.056469999999	2160.4879300000007	3853.530560000001	2824.865009999998	3421.1933300000005	3942.59386	3098.04125	1060.7695100000003	30.50305	19.73777	36.26499	0.0	289.98099999999994	710.3160099999999	702.05302	0.0	1720.46106	140.72363	605.3641300000003	886.0257799999997	830.0654700000001	187.41295	368.45792	244.40487	430.76104	288.7144	141.95711	2827.6422500000003	34.77806	350.80704000000003	2362.1822900000006	503.7744199999999	651.6105	1110.75755	574.5669700000001	1085.6912399999997	261.31046	601.3508199999999	573.09522	80.836
S13_Z01	273.40679	0.0	2868.492459999999	146.41788	5823.67412	4403.220549999999	244.8218	0.0	252.70287	2807.4658700000005	0.0	0.0	0.0	4.71637	0.0	7543.166140000001	0.0	12.412109999999998	2414.16895	4383.832590000003	2923.9919299999983	0.0	162.99509	4112.250519999999	2396.98196	3818.32596	4344.575389999999	3878.5288800000026	3839.908069999998	4715.15466	1933.0421299999991	187.203	26.22681	35.56332	11.8879	260.41982	1285.18125	1896.7979099999995	0.0	2806.39349	113.75222	476.65965	1222.48255	3170.11712	526.91928	579.3219599999999	797.9234799999998	969.9009999999996	433.8025	272.33203	2456.77003	32.89435	631.9858499999999	3693.8630000000007	1174.23213	443.43894	386.1435000000001	297.06871	620.75351	464.89200000000005	616.3092300000001	493.48117	494.97341
S13_Z03	31.46408	10.4337	1685.5046200000013	215.80140000000003	6309.543880000002	4093.07473	49.58407	16.372049999999998	172.81132999999997	2184.756340000001	0.0	0.0	0.0	7.51374	0.0	5678.455059999996	0.0	20.82676	1912.15733	2681.9905699999995	1606.12807	41.0582	526.9409700000001	3457.99452	2399.0892800000006	3086.896160000001	2620.25917	2894.016600000001	3780.680170000001	3585.40607	1114.47376	395.7987	8.24831	90.86629	56.531	268.43535	580.52125	633.3091699999999	0.0	1407.1177300000002	104.12306	708.9991500000001	549.7496099999998	1357.62598	361.1390099999999	436.8520999999999	297.26437	465.15538	265.20414000000005	169.67385000000004	1009.9663499999998	40.55127	439.29914000000014	2373.5412	300.51348	347.70759000000004	293.2302	221.83935	581.5173899999999	169.40994	330.93899	884.7159399999999	107.81456
S14_Z01	137.70837	159.73549000000003	3915.368230000002	372.69704999999993	8328.12341	5766.937520000002	304.77899000000014	43.9132	538.60354	3073.16401	8.92629	0.0	0.0	16.14923	0.0	9051.476989999996	37.5163	550.96527	3148.178219999999	4580.951709999999	3998.1818700000017	158.66324	1414.2927799999998	4946.979530000001	3884.6620900000016	4001.25569	3678.30721	3471.9432100000013	5577.420900000003	5545.784950000001	2196.814640000001	102.5733	105.67742	407.41676999999993	452.7336499999999	1010.50781	1013.58237	1296.2605500000002	0.0	2539.07501	672.50241	604.41498	1763.3771699999998	3540.1232399999985	819.1914200000002	715.4047399999998	492.79661	695.4019400000001	371.21396	719.6998	2147.31193	482.58617	1299.948	3385.7327699999987	1615.12487	834.7107400000002	738.0614800000002	524.1534399999999	930.62897	533.7913999999998	420.33658	611.73294	502.69546
S14_Z03	21.96503	36.40686	3053.3768	246.77642	7363.720429999996	4879.83639	79.80981	15.484	112.96142	3986.85631	0.0	0.0	0.0	57.8124	0.0	8284.32658	0.0	38.55168	2277.1989900000003	4867.682429999998	2689.686920000001	9.37487	327.34285	3661.47505	2484.621909999999	3309.8387300000018	3490.21496	2884.159840000001	5133.97099	4461.935370000004	1841.8923099999988	507.60051	121.77858	31.04222	12.55296	368.67163	737.8460899999999	1219.3270099999995	0.0	2102.734030000001	228.94638	568.96182	724.0309800000002	1485.047730000001	653.15777	1113.9526999999998	528.5505399999998	899.47877	184.41177	176.44259000000005	1422.86094	44.63266	446.69701000000015	2981.09963	729.25469	480.2488	518.54864	304.42821	708.1756700000001	273.0483300000001	438.7477399999999	803.7299799999998	142.19343
S14_Z05	0.0	0.0	2516.33343	305.73929	6631.307080000003	4941.863609999999	120.05125	71.798	129.02706	2828.492849999998	0.0	0.0	0.0	13.020040000000002	0.0	6510.002530000004	8.48355	11.5786	2555.1804200000006	4026.226752	2432.01596	7.98738	327.45879	4645.520259999999	2951.7999500000005	4068.73787	3500.991509999997	4220.018649999998	4245.389899999998	4354.72484	2021.00447	170.2943	163.99034	39.035	0.0	282.67977	632.5067900000001	1254.12313	6.70655	1581.53561	251.5207800000001	995.892	1102.7004700000005	1420.5489999999998	386.05577	680.9179	564.4848000000002	736.87421	271.10163	188.75507	2562.914040000001	12.03532	496.3066499999999	2700.772420000001	779.4992499999997	406.07031	262.93147	133.11666	907.73719	182.69597	543.4970200000001	1325.0329	74.28678000000001
S15_Z01	138.3267	549.5384899999999	2716.11016	378.26020000000005	7300.924190000002	5009.354489999997	182.9888	7.56846	747.4143099999999	3494.155430000001	5.51695	0.0	0.0	0.0	0.0	9684.644480000006	0.0	766.0978	3557.0677100000007	5127.741100000001	4033.92715	321.173	354.60747999999995	4766.4021600000015	3217.044049999999	3886.22337	4119.29259	4260.24349	5770.875180000001	5164.492370000003	2323.8896000000013	644.8038	49.64688	911.01717	449.8825	763.4194900000001	1503.7232399999998	1877.43242	0.0	3450.7245000000007	319.71197	699.1707499999999	1153.064309	3823.4870100000007	971.1378499999996	974.38602	886.1828999999999	710.8733900000002	267.14045000000004	313.39529	3221.64607	239.61698	1280.1301300000002	3810.69936	913.5792999999998	1240.4977199999998	816.3689999999999	511.19767	1148.8732899999998	394.8859	719.30532	531.53034	564.0253200000001
S15_Z03	61.573510000000006	64.83826	3052.9977699999986	375.93661	9069.744739999996	5776.546569999998	133.48341	68.68493000000001	312.98245	3532.1481400000007	0.0	0.0	0.0	19.91982	0.0	8574.34655	0.0	69.53339	3051.092900000001	4998.517999999996	3095.447830000001	13.61958	384.1439	5572.758410000005	3346.92211	5017.756770000001	4841.63443	5075.790060000003	5867.840370000002	6075.715659999998	2527.50479	309.2628	179.50922000000003	164.6153	94.19295	417.2025100000001	1128.94872	1492.34529	5.74549	2310.99152	344.34514	911.6103799999996	978.47296	1929.2756799999995	657.5667700000002	887.83261	760.4996500000001	947.71403	263.02757	256.80576999999994	1670.8611	68.07609000000001	534.37056	3384.452510000001	609.1751899999998	379.4339	412.23459	376.82371	863.0722	303.10232	597.1446599999998	1060.49634	243.98143
S15_Z05	9.75416	3.6009	2538.28199	322.82887	8351.433320000006	5698.985569999997	96.47536	51.6798	126.076	4526.906930000002	0.0	0.0	0.0	38.96783	0.0	7743.15661	0.0	86.62937000000001	2783.1499499999995	5168.019340000003	2935.4668900000006	20.0377	117.7033	5658.941030000005	3316.4018800000017	5155.16424	4103.524940000001	4641.328360000001	5245.609509999997	5149.733910000002	2436.5823799999985	93.172	21.23254	55.51155	28.04312	450.1899000000001	937.0334299999998	1097.4351100000003	0.0	1945.56657	162.53967	1060.6742699999995	898.7672299999999	1713.9274100000002	452.8256600000001	561.6321700000001	554.5938200000002	726.2937999999999	270.4161	222.66924	3441.0902099999985	83.27613	457.25619	3111.953350000001	536.71155	388.5856	353.80419	360.3289500000001	1448.4814799999997	206.7511	569.43808	1494.58774	90.7057
S16_Z01	115.45781	144.33951000000002	3998.38692	927.25137	8632.26563	7640.741110000001	276.52032	37.5247	437.7252600000001	3296.664369999999	0.0	0.0	0.0	8.08614	0.0	9591.910483999998	0.0	279.42934	3395.0306300000016	5116.85001	4239.99876	27.96375	350.16338999999994	4697.303180000002	3293.6098400000005	4433.7471000000005	5262.336449999998	4023.417659999999	4872.746719999999	5086.819099999999	3334.1727300000007	231.8235	189.0821	294.45782	330.85197	865.6361899999998	1535.4363999999994	2185.48395	0.0	4168.356000000001	160.33356	966.8664599999998	1989.6955900000005	3922.99913	1104.55913	1206.1087900000002	1134.8298799999998	887.4417500000001	466.53434	420.81536	2649.255510000002	264.20843	975.29409	4310.418900000003	815.2730899999998	956.10676	615.30817	708.82512	1088.8439199999998	516.7012300000001	1189.8083	735.05791	624.56168
S16_Z03	29.43204	19.62597	2624.21561	415.42008	7456.374280000001	4759.532170999998	129.41826999999998	40.5833	228.84989	2968.4313	0.0	0.0	0.0	0.0	0.0	6963.3349199999975	0.0	59.962700000000005	2995.045080000001	3833.933759999999	2948.31341	8.30827	235.57865	4490.226939999997	2418.003090000001	4794.986750000003	4203.13938	4059.6657599999994	4703.6823	4519.685819999996	1971.5231	93.4882	171.47944	154.65731	109.2297	270.30827	958.0551100000002	1307.4127400000002	4.61431	2374.056420000001	159.60187000000002	1099.24814	1322.2261400000002	2014.4731	372.73416	577.48971	477.1542100000001	596.77668	170.29039000000003	178.61722999999998	2556.347479999999	52.11481	503.74002999999993	2907.5733399999995	750.0514200000001	444.77180000000016	422.44335	198.12269999999995	1517.7043799999997	225.60503	344.87264	1147.8326699999998	156.73534
S16_Z05	33.14864	5.8861	2866.0597599999983	360.4378	7510.456470000002	5635.0673199999965	199.3847	32.87586	303.87613	4052.8945799999983	0.0	0.0	0.0	14.6178	0.0	7670.726680000001	21.0753	181.038	4006.7456699999993	4241.337069999999	3490.48153	66.9652	274.60250999999994	4826.991120000003	2532.51389	5458.4956200000015	3938.166350000002	5006.173840000001	5845.940079999999	5128.039860000003	2636.90478	136.12170999999998	43.44345	223.81834	129.82076999999998	481.2264199999999	1320.6448299999995	1156.59044	0.0	2454.745300000001	191.03745000000004	1665.18128	1543.4150200000006	1854.85025	298.01709	573.80303	641.5768299999999	775.7439299999999	310.79744000000005	139.01814000000002	2499.748336999999	31.45742	547.69326	2618.76322	618.31896	540.8976900000001	327.24835999999993	372.4137	1077.79426	228.71343	737.3344399999999	884.9661000000001	80.26084999999999
S17_Z01	100.92486	193.1786	2080.44462	324.62245	6076.576330000002	4410.27522	144.89191	38.5931	336.1699	3277.028340000002	4.68104	0.0	0.0	20.58415	0.0	7393.762879999999	0.0	228.16268	2831.74184	4423.200929999999	3043.2145399999995	83.48097	441.3127700000001	4333.485220000001	1894.98837	4144.257242000002	3731.429380000001	3799.65772	4976.281000000002	4840.210760000001	2257.13006	215.7855	49.831	152.5076	178.91409000000002	234.83418000000003	1140.79723	1101.68657	0.0	2290.3244500000005	97.94117	550.22831	1099.86193	2416.5864900000006	426.96925	692.61501	511.3408599999999	561.2332299999999	323.91937	191.59521	2534.2092799999987	30.56067	812.6758800000001	2370.7967300000014	938.71642	403.97194	298.82642	345.12533999999994	572.6251600000002	216.68045	202.93544000000003	805.2643700000001	289.17707
S17_Z03	13.846	17.1826	2050.77406	439.1446800000001	8578.351669000001	5251.218489999999	198.44198	37.3774	310.20441000000005	4228.856960000002	6.58001	0.0	0.0	27.7339	0.0	7063.427309999997	29.3147	109.81933	2791.7321500000016	5705.658260000002	3169.25275	32.86593	220.41333	5529.5220500000005	3711.515100000003	5020.98425	4076.038490000001	5280.773529999999	5265.42963	5068.727319999998	2253.11506	74.49329	182.59831	96.54784	6.8678	349.40651	926.38802	1048.66145	4.8874	1967.8484100000005	223.67393	869.6422000000003	1104.70388	1633.9442500000007	519.53881	635.09184	560.29244	702.72832	358.1519	433.97728	3486.084429999999	61.05147	666.9458099999999	2994.01514	725.0835300000001	645.4408099999997	188.46332	478.58645000000007	2369.6928500000004	344.32618000000014	535.2221199999999	2291.0323900000003	215.72061
S17_Z05	4.30713	0.0	1616.42197	299.59836	5399.453069999994	3744.2509899999977	122.92572	13.35784	204.55275	2882.424749999999	0.0	0.0	0.0	0.0	3.00719	4562.141659999998	20.6158	0.0	1796.9739599999996	3803.0574200000015	2130.8382000000006	0.0	134.38120999999998	4399.552339999998	2228.33369	3815.98786	2874.51125	3162.80355	4097.822829999999	3238.92014	1120.6717500000002	122.44577	5.13616	98.29216	7.72826	214.68344	584.2242900000001	484.85896	0.0	1182.4723100000006	189.00780000000003	612.5418000000002	728.2889700000001	1058.5397300000002	381.46431999999993	401.57838	353.96637	601.4837399999999	414.94977000000006	294.45459	2418.49802	33.49074	522.76857	1945.8263000000004	639.37452	447.16364	806.02983	298.79475999999994	1984.3739800000003	527.04557	1119.3787	1912.9964300000004	308.09855
S18_Z01	222.65401	12.4593	2970.442090000002	548.0508600000001	5514.376	3390.0147899999984	156.77868	0.0	69.039	2075.5466300000003	4.60054	0.0	0.0	30.5144	0.0	5043.936030000004	0.0	40.71388	1868.51191	4900.534489999998	2289.7206400000005	77.74112	258.94283	3577.079110000001	1890.43715	3691.6551000000018	2925.764220000001	3539.8036900000016	3338.85851	3361.4550700000004	2223.48793	166.23268000000002	96.53565	55.23140000000001	16.6315	268.25744	1178.67323	1423.9314200000003	0.0	2424.047899999999	84.3959	1722.8084299999996	1273.89342	2113.4501000000005	657.0156299999999	806.4931399999998	753.54496	777.9686699999999	291.00998000000004	308.63334999999995	2414.4603099999995	18.08024	1094.69351	1645.0763200000004	919.7893700000002	415.78329	441.9947400000001	543.3734400000001	1113.1419099999998	553.03821	766.0792799999999	1067.59811	524.7753799999999
S18_Z03	166.11167	0.0	6344.778479999999	362.34219	9463.71099	8788.840079999998	50.34609	26.4559	62.51301	4434.609910000002	0.0	0.0	0.0	34.5992	0.0	9686.69167	0.0	17.94912	2416.6162800000006	8055.840329999999	2144.85879	15.64746	405.3620900000001	9440.408869999996	1192.2616500000004	9938.540110000007	8696.136249999998	7427.580360000004	10127.407530000006	9102.186920000004	7323.4238	687.8322499999999	354.73209999999995	5.04508	0.0	184.09246	713.7660900000001	635.3681700000001	0.0	1467.5525200000002	177.56357	2964.8590199999994	941.35092	1423.2492499999994	371.30385	536.2822800000001	396.6900600000001	327.34144	568.34791	218.54304000000005	4621.666759999998	33.38562	2060.2181	1417.2727599999996	1246.20655	1162.24987	392.4271700000001	1882.89547	5971.479230000001	1040.31408	1034.55353	1777.53844	721.68057
S18_Z05	16.22063	0.0	3594.0856000000003	406.88063000000005	7552.5174899999965	5592.819860000004	75.72372	13.2325	76.93795	4692.151789999998	0.0	0.0	0.0	39.36985	0.0	6530.827350000002	0.0	24.2649	2431.9794000000006	4667.473809999998	1549.0024400000004	13.4627	223.81952	3879.44251	1341.4884099999997	6925.859199999999	2755.517219999997	5363.442550000003	7480.36699	5258.767709999999	4721.87686	273.46872	175.86587	0.0	0.0	205.88694	595.70116	349.4685900000001	0.0	1037.82496	313.13942	2231.17797	706.84061	1270.44201	267.32154	454.55134	289.86581000000007	319.32073	492.8852299999999	235.25019	4384.670260000002	29.47061	1116.5956399999998	1687.7111699999994	929.8674800000002	263.60467000000006	469.02748	132.48537000000002	2392.90796	454.78205	849.2181800000001	2047.23516	2119.39015
S19_Z01	76.87852000000001	10.5611	2064.742910000001	187.65204999999995	7147.086280000004	4791.601480000001	29.85624	0.0	68.89959	3899.906840000002	27.3557	0.0	0.0	14.7148	0.0	7782.925180000002	0.0	55.20597	2942.25531	4173.362459999999	2569.80542	7.95563	398.1627299999999	4185.775620000001	3056.832020000001	4494.96405	3978.6606000000006	4806.027069999999	5395.645992	5891.333279999999	2370.38672	772.8808	32.60354	127.07788	67.61845999999998	208.78475	990.57977	1192.5540700000004	0.0	2244.9799399999997	203.63889	225.16719	870.1309200000002	1851.47064	353.56007000000005	259.11197	459.14541	412.94903	202.04914	151.65096999999997	1898.16626	70.9666	791.4286200000003	3062.852820000001	600.7928199999999	219.74022	183.7957	168.96947	267.42973	150.0441	175.03656999999998	203.50755	118.57797
S19_Z03	7.2452	0.0	2304.23974	412.8636	8113.891169999996	6209.147430000003	66.14656	37.03661	184.25173000000004	4352.519089999999	0.0	0.0	0.0	0.0	0.0	6933.304499999997	19.6046	606.23354	2729.1255699999992	5084.670160000003	3178.97396	22.5026	228.84474	5192.446880000003	2795.687689999999	5717.858820000001	4524.924729999999	4334.005400000001	5702.086410000004	4854.571750000003	2106.7580000000007	179.08229	3.52187	8.34748	0.0	374.06337	829.2510799999999	862.1892600000002	6.91995	1928.89469	244.94317000000004	912.07871	992.33491	1864.46688	528.9416100000001	625.9403800000001	582.3946	922.81268	380.1567099999999	341.0971600000001	3835.73855	34.41407	737.4768100000003	2939.0437499999985	871.5988800000001	421.50813	270.4406	338.96744000000007	1314.27043	226.73012	482.48478	1313.03632	98.22939
S19_Z05	18.55861	0.0	2268.9116900000004	481.55168	7952.516979999999	4932.091039999998	99.3247	37.60014	143.5854	3512.410459999999	0.0	0.0	0.0	25.31958	0.0	6275.573979999997	19.4885	0.0	2465.18139	4540.548129999997	2748.305910000002	0.0	109.88033	4449.644569999999	2843.22128	4275.327500000002	3135.9481300000007	4190.676399999999	5256.226659999998	3693.17289	1664.64062	68.27969999999999	7.00932	19.3112	0.0	440.7057199999998	821.5895499999999	682.7002800000001	0.0	1599.75536	160.5321	780.9047899999997	872.1080499999998	1456.1825899999997	432.11623	571.02537	476.2167300000001	735.0909300000001	587.7271099999999	383.8149	3431.687949999998	36.67871	758.46483	2855.031589999999	835.0608800000001	588.89054	536.13385	335.67411	1558.7552500000002	528.55434	1334.86514	2625.04143	224.32434
S20_Z01	82.60015999999999	0.0	3531.03439	790.68617	10504.563999999998	7711.669920000001	132.45634	32.8838	203.84312	5293.879869999998	29.09455	0.0	0.0	32.560649999999995	0.0	11472.557789999995	0.0	32.915130000000005	4844.975429999998	5370.662860000001	3691.89986	17.2961	389.51523	4514.7684800000025	2769.6157300000004	4659.635780000002	4214.835830000002	3861.79519	5161.866630000001	5142.6858200000015	2907.2361100000003	407.0312	0.0	121.68779999999998	73.6502	255.19394	2909.56608	2253.16106	0.0	4885.511060000001	148.3365	1007.1817100000004	1498.3113099999998	3756.7971900000007	750.91467	826.6688399999998	987.2997600000002	1286.7211099999995	619.2051000000001	346.79323	2971.921079999999	58.91092	1423.2804600000002	4066.7206100000008	2854.66537	452.5690599999999	300.52122999999995	295.22979999999995	496.18387000000007	206.20475	289.57008999999994	362.54545	340.66995999999995
S20_Z03	52.36153	0.0	2951.901310000001	429.25435	7403.389719999997	4919.750130000006	167.93165	28.25042	253.08278	3134.0405599999995	0.0	0.0	0.0	8.61671	5.78706	6679.39521	15.4757	3.16255	2757.337509999999	4330.107819999998	3000.649579999999	4.14879	361.6273599999999	4917.789939999998	3185.23973	4271.86094	3882.29551	4302.504399999999	6003.203395999997	4642.376870000001	2278.17925	34.46082	35.91278	15.05317	6.93467	296.29189	1098.61619	1370.1265	0.0	1860.3381799999995	276.68247	1066.0624199999995	1190.2837099999992	1939.6289400000005	443.21304	568.9299100000002	639.8822399999999	919.98758	476.52247	377.74148	2024.08454	31.50344	703.20643	2821.158689999999	1032.41892	326.64575	605.19475	262.35963	1681.8771699999998	341.7087	569.5784	1302.3988399999996	180.97919
S20_Z05	5.15291	2.64991	2546.06595	314.27070000000003	7007.393445000003	4863.541900000002	112.11185	6.63942	222.02969	3506.4734399999984	7.64706	0.0	0.0	17.86741	6.61842	5623.126279999995	49.1309	44.938	2309.1697599999998	4512.120500000004	2065.0056999999997	37.1067	205.71288	4583.00389	1838.70056	5058.291620000002	3988.5933799999984	3982.6111100000016	5105.722489999999	3643.101010000001	1913.058030000001	109.93879	24.81002	53.2493	0.0	256.43374	717.6500599999999	640.5669700000002	0.0	1245.7067000000002	70.48034	1468.5498600000003	745.0452099999999	1060.3062199999997	333.02939000000003	533.2017699999999	542.3126500000001	499.69297	274.69777	206.27264000000005	3407.202739999998	25.09351	602.33769	1675.6364399999998	615.3813299999999	661.07522	522.47454	229.81494	2207.79255	647.23693	898.53722	2011.7046500000004	781.9162600000001
S21_Z01	185.72493	99.7547	3908.982690000001	220.6889	8895.750629999999	7019.06469	242.14043000000004	15.1196	624.23123	3860.3086199999993	10.2417	0.0	0.0	10.82266	0.0	10816.127319999998	13.8591	192.4314	4290.447750000002	5092.464009999999	4529.0481100000015	31.0633	841.8987500000001	4125.494459999997	2586.710689999999	4683.165699999999	4473.622339999999	4111.41543	5523.477820000002	6449.968459999996	2614.19075	142.63876999999997	115.4474	280.46092	497.33641000000006	763.08802	1442.9261800000004	2098.0596	0.0	3302.51317	203.21978	423.01768	1521.78714	4143.60098	629.82308	889.5248500000001	562.2217999999999	689.5078799999999	174.20388	174.54308999999998	2232.96462	209.54419	1158.0855800000002	3722.245029999999	1983.15606	950.2716399999998	838.6337899999999	704.7938499999999	1077.1204900000005	744.42036	514.7481999999999	798.3349100000001	451.30185
S21_Z05	26.61177	0.0	4092.9990700000008	325.61003	8984.148680000004	5663.694710000005	47.96651	9.39455	119.18384000000002	4770.271280000001	0.0	0.0	0.0	15.859	0.0	7379.537660000004	13.0269	54.38807	2228.23412	5341.578759999997	1853.77091	23.8082	105.67856	4905.61195	2175.2243000000003	5388.681899999995	4519.54572	5464.864099999999	6526.936217999999	4548.436510000001	3680.32404	207.84458	159.7116	14.8081	8.99892	752.7591699999999	527.78121	292.59551	0.0	876.0544099999998	173.06437	2182.72202	622.67068	837.6274200000001	172.66726	422.65964	356.51501	383.4665	351.48242	355.72692000000006	4869.100990000001	66.29708	1406.6570699999995	1775.3059099999998	697.34756	701.2327199999999	443.13012	750.98582	2678.34502	736.6351900000001	1164.83882	2513.31663	328.73996
S24_Z01	62.55406	0.0	2344.7642	330.89115	7218.827290000001	4920.853040000005	248.70352	51.9474	259.76783	3645.475819999997	4.02238	0.0	0.0	42.22086	0.0	6628.0512	11.7402	121.93807	2639.522190000001	4107.978150000001	2944.49233	31.67152	413.2961	5163.026960000001	2783.7546700000007	4594.43122	3985.4523600000007	3926.37967	4994.321959999999	4912.343360000004	1837.91114	161.31009	69.5498	77.76317999999999	46.496300000000005	550.86801	724.23158	1037.66726	10.50224	1659.9535200000005	154.81926	1309.43294	941.95938	1753.2857299999998	478.7772000000001	657.0402799999999	604.9533899999999	908.75681	290.5005299999999	345.93885	2329.332280000001	18.89068	442.9469000000001	2694.6901200000007	884.16235	431.40975	327.4649300000001	261.56957	1508.0928599999995	329.96781000000004	540.60376	1684.64361	168.29118000000005
S24_Z03	33.70613	9.21565	1675.27601	295.3053100000001	5897.67784	3966.09661	112.34182	26.87183	181.91471	2955.7065299999995	0.0	0.0	0.0	72.0591	0.0	4747.013399999997	14.694	74.70737	2273.03516	3616.399660000001	2202.0764999999988	21.62641	81.06576	3307.38445	2087.6535700000004	3898.74361	2652.02526	3728.6031500000017	3751.868750000002	3199.9605699999997	1102.79429	60.3642	12.9272	25.98349	0.0	402.85988	649.5582999999998	523.31449	0.0	1319.02112	188.36179	571.32805	638.52862	1063.10408	256.46079	290.83649999999994	365.9127	615.9725800000001	394.43391	281.44379000000004	2537.4516699999986	35.68618	553.37874	2197.36388	479.05213	712.1251200000002	442.19467	329.5036100000001	1084.82005	218.71678999999995	950.73447	983.64409	125.94881
S24_Z05	0.0	0.0	1743.2994300000005	320.05824	7021.987577000003	4254.785059999999	130.8476	23.29538	265.74977	3725.71715	0.0	0.0	0.0	55.2432	0.0	5113.39783	24.2134	135.64522	1898.72784	3946.476379999999	2841.6888799999992	8.93137	88.0196	4007.0280400000015	2432.731079999999	3939.484520000002	3595.876989999999	4025.84397	5255.694499999995	3341.8434700000016	1745.5910300000005	148.04826	7.65672	272.91365	6.08639	231.39866	783.2755999999997	640.07284	2.61304	1216.32529	214.21594	638.5523000000001	754.7680200000001	1327.29079	317.50646000000006	476.40135	361.89164	463.6309899999999	439.67372	350.23316	3525.70137	50.49317	593.2858600000001	2283.106069999999	751.8441799999998	526.69367	788.20349	254.30816	2866.5169499999997	544.99989	1224.2132399999998	3029.115660000001	239.03262
S25_Z01	37.82441	138.58678	2527.965239999999	536.1380399999999	6286.997649999996	4127.092070000001	272.582	11.4209	324.83211	2814.378249999999	20.5824	0.0	0.0	31.1369	0.0	6723.867900000001	327.3872	164.96429	2759.266250000001	3493.021920000001	2043.91007	44.84156	695.5082099999998	3324.338709999998	2324.094650000001	2931.55925	2588.06125	2783.631040000001	4346.346019999999	3825.7500069999983	2142.7498	233.9184	53.4668	191.57934	145.95297	432.4148300000001	1057.89351	1070.07939	0.0	2148.8287	349.39565000000005	591.9460199999999	1050.10578	1977.47812	533.81092	665.37372	522.7873800000001	544.7318400000001	386.24574	203.51788000000005	1426.6609099999998	120.95835	855.7912500000001	2323.340980000001	1200.06586	417.20483	327.52969	141.40350999999998	329.96663000000007	160.87102000000002	127.25487	111.19983	403.70238000000006
S25_Z03	6.65284	0.0	2225.1802	381.81748	8154.572749999997	4942.577420000001	116.9114	70.48051000000001	318.58521	3199.572389999998	9.15909	0.0	0.0	120.94254	0.0	6408.5794900000055	12.7063	117.13133	2464.3017999999997	4270.377719999999	2525.6810299999997	7.29226	273.84479	4668.658049999997	2892.8994700000007	4784.095009999996	3679.79759	4169.31301	4349.539710000002	3885.986010000001	1409.41622	137.57495999999998	281.7401899999999	180.25111	7.88805	454.85741999999993	517.29837	1051.5338700000004	5.16746	1305.0146099999995	67.23873	1142.75274	659.3988899999999	1281.2841	522.45211	710.61744	676.5970000000001	912.25584	317.16047000000003	259.93329000000006	1881.2443	25.19045	508.7664999999999	2952.998329999997	647.1394599999998	634.62802	463.65492	455.5466599999999	1267.7285900000002	410.8559800000001	872.7210199999998	1741.24543	100.9683
S25_Z05	0.0	16.47715	2266.2735799999987	238.36722	6895.567379999997	3962.723349999998	89.03363	44.90242	349.51435	2932.751529999999	0.0	0.0	0.0	65.86239	0.0	4957.254330000005	19.1594	89.20379000000001	2432.6929000000005	4127.7081100000005	2751.419210000001	0.0	136.55746	4139.992770000001	2163.1028340000003	4607.379220000001	3316.557230000001	3920.9883800000007	4048.899430000001	3223.9255499999986	1441.2262899999996	89.81053	7.50172	66.66053	0.0	377.30433	653.8174799999998	864.3854	0.0	1374.4453400000002	159.52848999999998	982.69801	759.93407	1313.72529	498.7527	553.38247	492.61382	791.1403100000001	628.89877	242.48833	2191.44668	27.2299	566.98525	2633.5426499999994	683.47807	382.50815	493.0055899999999	200.23085000000003	1243.4085999999998	274.73032	901.69709	1784.3353900000002	66.51004
S26_Z01	88.28789	181.56658	2520.4365200000016	315.8797599999999	6104.66432	4621.712159999999	159.48020999999997	15.6732	183.44058	2648.9622999999974	0.0	0.0	0.0	23.83538	0.0	7989.227290000003	357.32640000000004	143.50699	2321.67403	3369.883240000001	2383.2991800000004	328.96611	992.5260499999998	4304.5766300000005	2487.322010000001	3029.405550000002	2394.1917999999987	2990.940970000001	4956.492211	4687.229560000001	2378.71981	0.0	89.82941	344.0056	87.53253000000001	592.0824000000001	843.7927199999999	1465.9087499999998	0.0	2632.694259999999	89.26061999999999	480.78375000000005	1182.8190800000002	1872.09495	601.5709199999999	834.6153	633.9908	494.81377000000015	234.84139	387.94144	1602.0229800000004	433.33994	899.471	2732.80636	1158.47544	433.04906	389.57310000000007	309.1864	441.1422899999999	403.94079	286.17173	399.98378	269.2595
S26_Z03	37.76148	20.0841	3338.09218	324.53723999999994	8535.925449999999	6287.188520000003	275.70242	0.0	182.09494	3305.4938399999983	13.408	0.0	0.0	17.23347	0.0	8939.547880000006	96.4529	121.53094	2968.8400800000018	4983.385579999997	3494.47159	175.233	565.48835	4968.624120000001	3583.462000000002	4891.26527	3979.75919	4026.038469999999	5870.395679999999	5886.802129999999	2180.08372	22.16144	20.37455	180.30858	47.64533	508.207	1082.6020799999997	1447.99744	0.0	2178.463079999999	296.89288	1142.74816	809.0777099999999	2178.959470000001	665.4644899999998	975.11789	592.0472899999999	894.9833900000001	324.29552	324.27892999999995	2011.7501500000003	126.89122	745.64126	3106.314850000001	1217.01283	521.1802500000001	632.2249899999999	355.76497000000006	1204.9062599999995	319.05515	562.1633499999999	969.2752699999998	134.36287
S26_Z05	0.0	0.0	2560.163260000001	389.62124	7304.415369999997	5138.726269999997	95.67596	24.65828	287.49646	3051.2145500000006	3.91035	0.0	0.0	57.92944	0.0	5714.355819999995	20.4679	145.43058	2290.743269999999	4976.235799999998	3034.0740399999977	32.30931	250.0789	5157.179689999997	2573.6524799999997	5106.904350000001	3722.1624700000007	4382.170140000001	5084.415640000002	4326.303970000001	1922.845729999999	66.8777	2.37475	40.21834	6.72111	552.8560899999999	796.62182	1022.73412	3.12074	1445.42763	292.87671	896.1452700000001	795.8702499999999	1691.1519300000002	496.70338	557.9155299999999	474.85099	844.36113	438.97122	343.97918000000004	2604.22662	32.30233	755.5031999999999	2870.1916899999987	900.51853	465.08451000000014	393.39352	277.3299600000001	1561.27955	425.73129	531.5638100000001	1259.06812	145.30911000000003
S27_Z01	462.83214	7.46188	5220.196479999999	444.7019499999999	9811.451827999996	8988.122280000003	487.5168900000001	57.3496	236.12346	4260.611020000002	5.34136	0.0	0.0	25.30645	0.0	12576.774049999998	0.0	0.0	3767.570289999999	6069.69528	4356.63041	10.1489	328.38014	7257.943359999999	4385.54869	6671.793319999997	7700.072160000001	7598.792640000001	7162.57807	8394.143620000003	4949.612400000005	56.8717	29.31428	16.936	0.0	407.0803	2332.08205	4237.340609999999	0.0	5343.521620000002	262.67878	2184.385239999999	1880.8931300000004	4466.02099	857.9010599999999	827.5620200000001	780.3788400000002	1838.96367	486.30175	251.72354	4563.703720000001	25.076690000000003	1842.97783	5254.629099999999	2888.68537	835.9359800000001	789.2051499999999	743.89396	1012.9208	750.47634	782.55169	908.34725	497.9659999999999
S27_Z03	85.33370000000001	0.0	3260.842900000001	673.34006	8766.665049999992	6352.37452	178.43610999999996	30.79724	363.9220999999999	3429.816729999998	0.0	0.0	0.0	50.89627	0.0	7940.251830000003	14.3083	0.0	3174.597580000001	5583.670419999999	3405.0321400000003	40.5322	163.72642	5578.69782	2669.6185200000004	5314.294240000006	4922.63467	5092.201220000004	6191.617269999999	5361.889290000005	3278.17131	160.58977	173.65079	64.74256	0.0	396.5164	1995.6838600000003	1345.54969	0.0	2445.1274700000004	142.92423	1634.29446	1415.7315999999996	2512.293820000001	708.5778599999999	913.75883	942.28636	894.9788199999997	467.1092	501.5038399999999	4816.74494	37.01396	1014.18858	2629.39449	1218.63706	884.9437800000001	346.25094	863.79959	1802.51774	901.77508	937.05117	2931.11079	959.8961499999998
S27_Z05	14.107220000000002	0.0	1103.76815	407.57454999999993	4434.752360000004	2330.7294099999995	47.78417	23.9142	252.62047	2051.1422100000013	0.0	0.0	0.0	70.7463	0.0	3074.2699000000016	0.0	75.36786000000001	1229.93779	3068.479140000001	1321.9551299999998	2.87302	43.865100000000005	2584.1970799999995	1395.159	2928.327889999999	2125.68033	2172.35221	2965.81659	2242.35023	1135.1189099999997	219.723	12.3538	103.8531	0.0	281.62522	724.0834999999998	561.36842	6.37543	821.4696299999998	123.74031	950.0867699999998	409.92464999999993	895.1348	297.49171	353.42427999999995	348.20222	474.22874	330.46311000000003	267.05531	1876.96074	21.87372	486.44745000000006	1641.5703000000003	497.4631600000001	495.57513	603.6912299999999	271.01551	1421.50737	440.98608	527.9935599999999	1718.35526	284.57673
S28_Z01	52.33325	91.92583	2225.94757	255.75742	5974.167560000004	3792.35909	214.22484	8.0724	255.96838	2356.629590000002	0.0	0.0	0.0	20.33268	0.0	6342.88721	175.183	110.77389	1703.5926199999997	3591.12915	2555.12439	278.85276000000005	699.3547700000001	3749.7057300000006	2598.2482	2776.4019000000008	1965.15092	2088.8483300000007	3521.27011	3488.52305	1735.9569500000005	49.42947	107.12229	137.47369999999998	93.17414	676.01843	1114.46078	1201.247649999999	0.0	1857.62646	122.24760000000002	603.08783	1010.1153400000002	1622.2309700000003	573.92178	661.1786100000002	496.06380999999993	609.52364	327.15566	560.65854	1823.69803	329.15775	682.0408200000002	2336.781039999999	681.3298500000001	535.22749	393.54121	336.2914200000001	469.91717000000006	306.11512000000005	254.65208000000007	447.97344	340.32529
S28_Z03	82.10689	34.1437	3524.9494299999983	441.3170899999999	9941.982009999989	6862.310459999998	229.21299	31.75658	323.70021	4054.53718	0.0	0.0	0.0	9.63527	0.0	9859.130570000008	96.3695	186.59464	2472.28573	5293.707879999999	4078.130480000001	44.0428	1071.96354	5949.989279999999	4278.544819999999	4668.055009999996	4616.522049999996	5073.3833300000015	6542.039370000001	5813.06724	2694.03815	552.08926	67.56360000000001	158.26336	149.84335000000002	878.3641200000001	1213.9864	2344.077739999999	0.0	2855.98547	225.1186	631.88148	1027.93478	2657.03066	798.59173	1006.3047499999996	737.8523299999999	1001.0519999999996	461.13976	426.57023	2565.08773	67.98675	777.34641	4012.77983	1131.7646799999995	534.7618699999999	518.85045	396.8522	867.12198	268.21981	506.27919	1055.56352	305.86436
S28_Z05	72.7948	17.53697	3040.310620000001	505.7021500000001	7375.524810000007	5390.486910000004	155.58052999999998	27.1391	253.48709	3785.891779999999	10.21245	0.0	0.0	53.40942	0.0	7838.123079999999	14.918	123.36786	2679.8872700000006	4784.192939999999	3241.6746299999995	62.73931999999999	380.16704	4072.827029999997	2966.25126	4345.356410000001	3407.79696	4072.7162099999982	4673.704019999999	4505.5004500000005	2475.673639999998	137.24447	91.04261	70.28171999999999	39.65751	548.95932	1115.3989499999996	1977.18419	0.0	2768.179169999999	148.69999	1230.2786299999996	991.0417300000004	2448.797850000001	535.3954	663.27017	514.96443	910.9515300000002	369.02518	424.05007	2801.70358	30.81346	761.5287400000001	3134.739889999998	1189.8335099999997	686.7716999999999	544.3361399999999	560.62279	1914.85669	522.0054400000001	774.7184199999999	2201.229380000001	389.834
S29_Z01	154.61893	170.1439	2885.236339999998	329.1303499999999	7825.880510000005	5376.047809999999	207.53587	14.1128	378.58436	3428.933860000003	5.1984	0.0	0.0	36.6597	0.0	8348.30213	242.194	224.27249	2460.8842399999994	4814.200780000003	2748.4621	164.60887	1287.00267	4178.805750000001	2775.2763800000016	3403.512820000002	3545.585773000003	2704.0459800000003	4387.727060000001	4341.69753	2076.52701	53.1472	131.93581	220.63631000000004	125.71185	868.0292600000002	1597.3751100000002	1301.6704500000003	4.17572	2752.057009999999	88.1515	1094.987	1056.9999299999995	1890.5148300000003	555.3728899999999	638.90208	511.00092	570.0194199999999	150.68588	956.1309199999998	1773.9611300000004	449.21658	867.1175299999996	3019.4370000000017	1265.6498600000002	620.30949	305.86091000000005	345.63451	437.4444700000001	330.25838	298.13818	428.0252899999999	266.52038
S29_Z03	32.788039999999995	26.87254	2089.013560000001	399.7367400000001	7383.846729999991	4241.691135	136.78927	25.65726	257.0192	2671.6220799999983	4.12249	0.0	0.0	106.03264	0.0	6498.116930000002	23.9106	124.85886	2032.76854	3483.929379999999	2417.464209999999	131.52335	620.10632	3903.59666	2293.173349999999	3783.15889	3055.31998	2887.099160000001	3816.679299999999	3590.41858	1431.72023	206.4735	42.74561	31.00636	97.94355	540.6446400000001	521.84336	862.97299	12.2896	1205.79228	97.63638	572.3841299999997	556.65263	1256.8269899999998	832.9198900000002	914.2113800000002	765.8709300000003	761.37941	238.05746	456.24346	1535.163629999999	124.50686	624.41351	2559.4039999999995	501.3626	377.46874000000014	516.98266	282.5499000000001	1195.1331699999998	375.4436	800.9433900000001	1106.2863899999995	134.11530000000002
S29_Z05	5.0935	0.0	853.70774	256.14366	4284.546220000001	1964.25348	64.73212000000001	49.98518	218.73863000000003	1878.2827400000008	0.0	0.0	0.0	91.02722	0.0	2970.335	0.0	218.962	1098.8713699999998	2389.42192	1695.4965000000002	16.65671	53.57926	2505.49332	1261.8693399999995	2132.9871800000005	1857.31042	2181.1122599999994	2400.48623	2331.574339999999	921.79517	11.1309	62.41866	8.95666	0.0	278.56951999999995	412.64813	465.26324	9.76763	785.9550400000002	37.6088	675.17779	381.61244	656.9682999999999	279.96655000000004	344.11367	248.4401	466.56803	254.05397	185.67345	924.8968999999998	16.539830000000002	231.46092	1498.30527	351.07171000000005	345.3176900000001	423.27766	209.11194	877.65475	246.76275	611.8148400000001	1430.6978699999995	101.09147000000002
S30_Z01	203.69374	53.81373000000001	2322.9216600000004	509.03996	6531.857159999998	4872.039090000002	314.17118	149.27758	254.25711	3476.234129999999	0.0	0.0	0.0	72.36514	0.0	8022.319099999996	89.7864	218.29503	3257.25103	4328.0817400000005	3329.06298	62.36414	851.2688099999999	4249.968540000002	3112.00158	3663.3846600000006	3720.425842999999	3199.35377	3583.2056399999983	4278.797759999998	1764.2021500000008	145.79971	57.5277	195.65083	184.5216	647.8878600000002	1126.36037	1235.53306	6.55181	2751.0784600000006	153.78806000000003	507.72612	1231.83201	2035.0416700000003	533.57383	747.2586300000003	771.5790000000001	637.2257900000001	187.448	681.3352299999999	1301.3655799999997	219.86980000000003	888.0564199999999	2797.812	1313.92613	678.3217699999998	311.10529999999994	224.12435	559.3765199999999	409.06867000000005	318.80924000000005	381.4296700000001	192.23681
S30_Z03	36.26371	217.45675000000003	2138.750069999999	346.86567999999994	6414.8015199999945	4790.4877000000015	373.8599900000001	0.0	76.83632999999999	3077.5883600000016	0.0	0.0	0.0	37.2769	0.0	7304.489440000003	83.1964	97.95108000000002	2705.44201	3934.05029	2823.0020099999992	87.35835	583.8596800000001	3471.085050000001	2721.14724	3568.2571200000007	3258.3670600000014	3805.4809999999993	4094.00462	4003.861910000001	1630.4650900000008	128.07654	110.06179	153.0829	70.55215	511.1167	714.8884700000001	1461.53093	0.0	2078.0943799999995	224.60203	248.15039	1059.54379	2084.9677100000004	506.94448	792.8907399999998	566.4197399999999	502.28564	128.47946000000002	225.02148000000005	1678.3055799999995	57.11365	705.84888	2467.3718900000013	1051.95699	364.1986199999999	208.80506	200.57508	404.74382	203.44061	310.05073000000004	389.45518	164.7578
S30_Z05	103.56995	7.36879	971.91251	176.88916	5158.486069999998	2798.3866499999995	80.84568999999999	10.1707	105.62332	2340.7918400000003	0.0	0.0	0.0	40.2745	0.0	3937.578099999998	19.708150000000003	33.80076	1495.3025	2809.52966	1950.28557	36.60571	62.30573	2631.3758900000003	1787.8555800000008	3013.863859999999	2049.8323800000003	2606.460000000001	3281.2620499999985	2847.420840000001	833.78867	87.77579	70.14741000000001	110.29571	3.88421	273.05519000000004	385.4014200000001	282.97371	0.0	717.9283800000003	144.49828999999997	427.9225499999999	506.23724	791.5126899999998	173.18042	267.8987899999999	203.54777	273.95581	224.68001	267.30097000000006	1701.7114699999995	40.61653	335.15266	1790.9629999999995	377.68914	295.67991000000006	640.3180600000001	138.09142	1857.107620000001	161.05642	775.3181500000001	1826.7400300000004	50.075320000000005
S31_Z01	30.7426	300.09875	1241.7020499999996	424.86989000000005	4408.264179999997	2827.99105	446.59902	0.0	475.65778	2239.80856	0.0	0.0	0.0	48.10012999999999	0.0	5776.14874	0.0	227.46221000000003	1510.39506	2830.43647	2272.797839999998	508.20185	1446.5915299999997	2864.4349000000007	2174.76396	2862.59058	2990.8941899999995	2787.086679999999	3221.8832100000004	3363.41138	1465.8803500000006	117.4264	260.21651	664.5297	332.32589	809.9261700000001	480.89251999999993	1002.56616	0.0	1581.3272600000005	123.19548	409.2915	1096.84877	1441.9679500000002	689.35897	664.5631800000001	820.6129400000001	492.99800000000016	71.26003	545.1075000000001	1499.2695599999995	513.4215300000001	972.781387	1757.65468	781.6867800000003	891.4852100000002	379.91057	405.55366	848.78385	373.64234	333.64745000000005	458.01738000000006	238.23764000000003
S31_Z03	56.77136000000001	152.52957999999998	2320.2996000000007	267.29122	6698.938139999996	4101.4258100000025	317.37334	7.1878	155.46909	3066.969689999999	0.0	0.0	0.0	50.3092	0.0	5884.750655999995	15.443	102.15847	2254.41402	4197.687600000002	3091.3014300000023	69.09005	342.3219	3439.64316	2783.1194000000005	3828.4405499999993	3256.8674400000004	3499.0170899999976	4398.611109999999	3881.3963800000006	1510.68237	85.30061	23.37905	70.46563	58.838080000000005	562.3838	574.23837	1168.5328000000004	21.10247	1389.1967100000002	304.46442	979.5081300000002	795.8410900000003	1665.33057	380.7720900000001	570.1964799999998	520.3952099999999	485.1068000000001	202.57559	379.4645800000001	2260.592160000001	52.67035	626.0741399999998	2080.56757	832.00945	501.73929	715.94379	393.70931	2847.13857	589.4965499999998	768.9385299999999	2860.39555	136.4989
S31_Z05	66.76399	51.738870000000006	1943.33706	514.96901	6338.524350000001	4358.521029999998	76.55663999999999	12.4575	145.10581	2638.190150000001	0.0	0.0	0.0	24.0906	0.0	4657.04532	25.86273	27.83314	2577.421180000001	4304.719590000001	3006.993720000001	35.09571	112.62375	4285.710079999998	1872.915930000001	4500.80766	2857.035390000002	3561.162909999999	4460.423050000003	4121.29828	2056.200319999999	784.67601	75.74305	139.64382	53.834860000000006	346.2871	519.3668399999999	426.3478700000001	4.69054	760.39161	141.58535	349.84091000000006	664.7555199999999	1433.3396599999996	185.83358	349.2464800000001	257.05534	368.70589	756.1809600000001	315.35022999999995	3467.6049500000004	88.84630999999999	543.1738	2271.0349099999994	452.43752	398.74737	607.1855700000001	277.13300000000004	1653.5472599999998	519.21424	700.1691899999998	1525.25144	288.94895
S32_Z01	127.76267	353.09736	2149.7885200000005	514.2850100000002	5796.332969999996	4250.270640000001	378.47521	64.7607	317.7388	2506.8495700000003	0.0	0.0	0.0	41.40689	8.25368	7064.302270000004	40.1196	300.67544	2351.25215	3952.3534499999982	2970.231660000001	677.25388	1546.1376	3673.957459999998	2321.885220000001	2498.3028699999986	3331.849680000001	2439.6338899999987	3408.209730000002	3234.7997	1595.7241299999994	166.66041	249.36194000000003	307.94397999999995	565.2345	1055.1406499999998	479.84152	1327.0958299999993	0.0	2096.64647	136.68419999999998	825.1276800000003	1652.58154	2204.89681	913.5358	1266.7868900000003	997.62555	862.3468800000002	97.73332	928.34329	1545.6060500000003	581.2369100000002	1039.12543	2927.87516	1155.07776	1052.55965	625.8522199999998	514.77054	992.43501	875.43958	843.21518	761.1254200000002	424.28419
S32_Z03	68.28696	195.68755	3022.555159999999	540.5749400000001	7683.913460000002	5519.178830000001	27.92946	24.4705	204.10993	2879.7459	0.0	0.0	0.0	127.9938	0.0	6887.820960000004	56.1861	57.5814	2917.577280000001	4067.07853	3878.3486500000017	482.842	748.2983400000002	8280.334859999997	4074.954099999999	8185.787190000001	6498.375799999999	5311.196429999999	8347.600979999996	5365.389699999997	2771.673120000001	413.85628	683.49715	1763.83813	322.434	528.36125	507.00833	304.50222999999994	0.0	879.3766400000002	247.04897	1002.4442999999998	802.8909800000004	995.98622	769.493612	969.7260400000002	939.09027	1468.1186000000002	178.17011	637.78115	2859.9242199999994	695.2910000000002	1506.79281	2424.46127	594.98924	1535.2575900000002	904.86818	885.62352	1581.7814999999998	1056.44622	1277.41801	1276.5780999999995	869.61133
S32_Z05	152.89578999999998	7.8508	4874.556139999998	635.4206100000001	8535.478499999997	7544.183530000001	45.166050000000006	52.44235	159.13083000000003	5673.44982	0.0	0.0	0.0	71.5417	0.0	8431.672869999997	18.7575	48.4428	2491.9658900000004	6332.427620000001	2046.9861999999991	7.62271	63.88298	8134.417389999998	3545.72688	7949.95378	7573.146629999997	5723.443999999999	10413.84284	6646.788679999998	3210.428729999999	1668.92486	136.07559	27.94394	4.04172	366.37892	761.5020099999999	862.0143000000002	0.0	850.71573	274.9942	1817.31493	505.82218	690.38667	241.7695	191.86396	247.18217	281.26467	200.59297999999995	133.37009	1908.12069	126.42015999999998	1540.169	1570.6529000000005	653.53309	1576.66451	394.0763500000001	379.28187	1613.4177700000002	316.2893	679.99281	413.35403	813.32141
S33_Z01	106.9961	568.32704	3059.6575499999985	436.90198	7425.758899999999	5682.96724	128.24369000000002	23.7474	368.93573	2562.9874200000013	0.0	0.0	0.0	39.18901	0.0	9082.514950000006	34.63138	165.23144000000002	2615.07169	5486.971190000002	3712.43932	244.77226	573.0649099999999	5543.579700000002	3647.8238499999993	5317.7826700000005	3644.13613	4977.24857	6369.0936699999975	6211.6621700000005	3571.090620000001	655.6314800000001	1178.99414	1273.07012	150.68667	396.46909	1157.3219399999998	1800.4378000000006	5.15314	2560.1167000000005	212.67338	1659.58552	1692.0924599999994	2621.36511	852.8984000000002	1057.0187999999998	870.03356	1095.1348899999998	244.14579000000003	497.3303	3499.65121	931.26412	1104.4702699999996	2796.04472	855.4605000000001	1620.3440299999995	1371.09901	1315.45803	2008.40935	1360.46854	1369.0281699999998	2316.6933200000003	480.52619
S33_Z03	132.21856	185.38305	3549.01426	398.10911	8861.63375	8553.961030000002	64.75557	44.7443	255.96162	3293.984650000001	7.30403	0.0	0.0	153.97177000000002	13.07216	9232.378970000009	54.47887	557.18883	3878.216230000001	5904.608149999998	3085.280389999999	670.87743	539.77744	8482.762220000004	4747.820519999999	7703.74637	8425.78872	6241.876030000001	10550.988750000004	5922.062779999999	3652.656630000001	831.52096	428.1533	826.9539199999999	455.09453	1051.94291	540.05166	466.6715	0.0	1472.8227200000003	765.0889300000001	1220.97363	1276.32407	1829.3445199999992	941.81061	600.34093	1004.43249	1132.82724	200.94593	876.8097399999999	4081.2969399999993	850.34341	1897.9617900000003	2240.688090000001	856.17801	1323.995669999999	953.28538	1054.7826	1600.53938	1411.9588	1428.9522699999998	1370.0485400000002	1157.7893
S33_Z05	110.17854	80.51457	5149.906850000002	1068.33406	9244.880210000008	7946.374839999997	194.43034	59.0216	1473.30384	5612.694230000002	4.21703	0.0	0.0	81.41627000000001	8.68796	8699.30759	39.22449	99.09387	3827.114	6519.628349999997	2969.4567799999995	74.30818000000001	113.10332	9789.926620000006	5094.825760000001	9209.310730000008	7647.186080000003	5977.315330000002	11526.03208	6794.299799999999	3301.9422400000008	444.67918	98.37212	129.98008000000002	32.1575	643.4696899999999	401.97708	484.7529899999999	0.0	1780.8748	442.2573	1799.1502300000002	904.24683	1085.5948100000005	473.92465	453.11914999999993	884.2829800000001	842.1351999999999	388.42948	421.62562	1582.41043	332.12631000000005	653.9467300000001	3107.464000000001	1396.0419099999997	1349.5739399999998	600.77756	771.44066	1590.42682	718.6144	1769.6552799999995	1306.43736	1014.23431
S34_Z01	67.07861	1014.16896	3029.6373999999983	725.49306	8873.49346	7265.604000000003	84.04069	7.00982	255.80078	3195.722101999999	0.0	0.0	0.0	105.449	0.0	8328.466739999996	92.98336	70.35617	3725.3173300000017	5897.914440000001	4234.398019999999	336.12960000000004	534.2063	7823.236830000001	4091.590789999999	7804.334500000003	5832.743509999997	5012.502839999999	7814.692199999996	6956.788359999993	2932.260509999999	417.9007	1169.29941	1573.36166	189.28157	831.5392599999999	888.5210699999999	658.17914	0.0	1683.6867900000002	577.9072	913.0512	1415.6720000000005	2838.7947999999983	497.99567	791.1718300000001	566.24781	1719.1757699999998	424.45131	731.4082099999998	4535.765169999999	1064.47747	1903.32095	2836.9201999999977	1063.2891799999995	2134.1709700000006	1696.5972300000003	1749.0306600000008	2664.377119999999	1644.7426500000006	1833.8836200000003	2584.29462	365.48356
S34_Z03	108.66561	30.899	3499.416179999999	815.2331399999998	7400.203670000002	6563.111060000002	60.74811	43.073	188.77863	3530.8075600000006	0.0	0.0	0.0	127.28143	0.0	7874.601530000001	32.2573	63.95225000000001	2627.8876500000006	4706.568589999997	2856.6030900000005	102.6973	188.98596	7409.779879999999	4522.876160000001	8587.40774	5416.500670000002	5132.83679	8967.749179999997	5406.524269999998	2955.76635	419.73079	115.86707	80.84141	66.5914	462.29287	495.65247	337.41195000000005	0.0	835.1593599999999	588.6908900000001	729.4618300000002	1000.85285	1241.29714	430.1027	388.2146100000001	513.61321	829.5057299999999	162.04762	285.64899	2417.7643700000003	214.46728	930.9480599999996	2091.1946	670.0386900000002	1542.7721800000002	606.1006399999999	833.87584	1642.6076000000005	773.72084	1026.8990700000002	1064.36394	647.8025700000001
S34_Z05	60.50688	21.59676	4617.3876	450.97541000000007	8958.48719	6135.061570000001	109.86542	0.0	551.65807	4543.120110000001	0.0	0.0	0.0	92.91306	0.0	8422.499079999998	36.69563	50.109	2497.83118	5379.94868	2145.31678	16.20963	63.0172	7103.885470000003	4658.75149	7419.912219999999	6143.24121	5678.855639999999	9589.806669999996	5524.483189999998	2615.756229999999	575.3378299999998	49.93077	26.5048	19.98318	406.63702	419.17741	331.76329000000004	0.0	652.6046699999998	320.79148	932.31198	592.6844400000001	1048.74455	268.88984000000005	337.15985000000006	255.64993	374.99036	570.80901	276.22174	1508.0873799999997	181.40042	522.3208000000001	2303.13448	889.29016	837.1679499999999	612.8118700000001	691.74174	1066.3306000000002	695.78536	1080.6635500000002	807.3801799999999	1154.8591599999995
