TSC_NAME	CHL.chlor_a	FLH.nflh	FLH.ipar	IOP.adg_unc_443	IOP.adg_443	IOP.aph_unc_443	IOP.aph_44	IOP.bbp_s	IOP.adg_s	bbp_unc_443	IOP.bbp_443	IOP.a_412	IOP.a_443	IOP.a_469	IOP.a_488	IOP.a_531	IOP.a_547	IOP.a_555	IOP.a_645	IOP.a_667	IOP.a_678	IOP.bb_412	IOP.bb_443	IOP.bb_469	IOP.bb_488	IOP.bb_531	IOP.bb_547	IOP.bb_555	IOP.bb_645	IOP.bb_667	IOP.bb_678	KD.Kd_490	NSST.sst	PAR.par	PIC.pic	POC.poc	RRS.aot_869	RRS.angstrom	RRS.Rrs_412	RRS.Rrs_443	RRS.Rrs_469	RRS.Rrs_488	RRS.Rrs_531	RRS.Rrs_547	RRS.Rrs_555	RRS.Rrs_645	RRS.Rrs_667	RRS.Rrs_678	SST.sst
TSC001	0.6770102977752686	0.09869421273469925	0.00162659608758986	0.003360047237947583	0.04169805534183979	0.004042053245939314		1.5635883212089539	0.017999999225139618		0.003485304187051952	0.09199007228016853	0.06712805852293968	0.05209205113351345	0.04602804221212864	0.05739205703139305	0.06344606354832649	0.06829407438635826	0.3313520550727844	0.4421260505914688	0.46967002749443054	0.006696904543787241	0.005624203942716122	0.0049528032541275024	0.004555604187771678	0.00386210426222533	0.0036586037604138255	0.003564704325981438	0.0027939046267420053	0.0026593030197545886	0.0025980037171393633	0.07269199565052986	22.66759967803955	43.768198013305664	0.000460158204077743	128.83591842651367	0.09621800109744072	1.3328480124473572	0.004851400852203369	0.004892080323770642	0.005059440853074193	0.004713440779596567	0.002998641226440668	0.0025387207278981805	0.0022744007874280214	0.0002573207675595768	0.00023612081713508815	0.0002782406663754955	22.873998641967773
TSC003	0.14036139845848083	0.05389069952070713	0.0016357420245185494	0.0003041648888029158	0.012234048452228308	0.0006380701088346541		1.93986976146698	0.017999999225139618		0.0012227028491906822	0.031458063051104546	0.027036046609282494	0.024886074475944042	0.025572066195309162	0.04774808883666992	0.056106086820364	0.061970099806785583	0.3279900848865509	0.4362860471010208	0.46344804763793945	0.0043313035275787115	0.0033659040927886963	0.0027765039121732116	0.002435303875245154	0.0018565034843049943	0.0016922050854191184	0.001617603877093643	0.0010325041366741061	0.0009379047260154039	0.0008957034442573786	0.0331839993596077	24.21659755706787	39.572120666503906	1.2637376585189486e-05	43.61993217468262	0.12410599365830421	1.1404560804367065	0.007091040490195155	0.006370040820911527	0.005871640518307686	0.004911640891805291	0.00209228100720793	0.0015709607396274805	0.001353121013380587	0.00012672073717112653	0.00015136093134060502	0.00017132118227891624	25.10640048980713
TSC005	0.07859596237540245	0.05024760775268078	0.0016220661345869303	0.00020003318786621094	0.008382053580135107	0.0004340314771980047		1.975350558757782	0.017999999225139618		0.0014590024948120117	0.022890066727995872	0.02077204640954733	0.02040806319564581	0.022156057879328728	0.046440038830041885	0.0551560390740633	0.06116208992898464	0.327498123049736	0.43539004027843475	0.4624980539083481	0.004614501493051648	0.003607202786952257	0.002989203901961446	0.002629703260026872	0.0020182031439617276	0.0018434036173857749	0.0017643046448938549	0.0011379036586731672	0.0010355031117796898	0.0009897038107737899	0.02804000023752451	25.356200218200684	39.47975540161133	1.815721361708711e-05	34.515899658203125	0.13039200007915497	1.124366044998169	0.010160560254007578	0.008804320357739925	0.007676681037992239	0.006135120987892151	0.002333720796741545	0.0017339207115583122	0.001476160774473101	0.00013764083269052207	0.00017248101357836276	0.00018848046602215618	26.044797897338867
TSC008	0.1696706935763359	0.061581509187817574	0.0011405479745008051	0.0006980419275350869	0.015402088407427073	0.0013240528060123324		1.9386844038963318	0.017999999225139618		0.0008314040314871818	0.03624007850885391	0.029072041623294353	0.025860057212412357	0.026148052886128426	0.04826406575739384	0.05651606619358063	0.06232406571507454	0.3279580771923065	0.43609604239463806	0.4632360488176346	0.003904504468664527	0.00299170461948961	0.0024400040274485946	0.0021229040576145053	0.0015896031400188804	0.001439903979189694	0.0013723051524721086	0.0008482044795528054	0.0007651046034879982	0.0007275032985489815	0.03102399967610836	19.667799949645996	24.10211753845215	1.259788859897526e-05	43.81988334655762	0.0871719978749752	0.8239240348339081	0.005596640752628446	0.005236880853772163	0.005039841402322054	0.004247000440955162	0.0017508409800939262	0.0012956405407749116	0.0011329208500683308	4.840568180952687e-06	7.06407427060185e-05	0.00010616101644700393	19.986799240112305
TSC013	0.30646729469299316	0.08044131845235825	0.0009652860171627253	0.001986055402085185	0.029162044636905193	0.002952051116153598		1.7161606550216675	0.017999999225139618		0.0011846041306853294	0.06588006392121315	0.05013805441558361	0.040684064850211143	0.03743806481361389	0.052758077159523964	0.05980004370212555	0.06513804942369461	0.32957206666469574	0.4389740377664566	0.466264009475708	0.004312704550102353	0.003364604664966464	0.002786903060041368	0.002452704240567982	0.0018868044135160744	0.0017256038845516741	0.0016530046123079956	0.0010803034529089928	0.000987603038083762	0.0009461036243010312	0.049879997968673706	16.402099609375	16.663118362426758	1.6717910511943046e-05	84.38387680053711	0.04881799966096878	1.6615660786628723	0.00329812103882432	0.003320440766401589	0.0035477211931720376	0.003321400727145374	0.001856121001765132	0.0014524409198202193	0.0013130008592270315	4.6841054881952005e-05	0.00015032089868327603	0.00018828086467692629	16.517199516296387
TSC016	0.2630729228258133	0.07342880219221115	0.001044300093781203	0.0014660644810646772	0.02634806651622057	0.0021720505319535732		1.7823745012283325	0.017999999225139618		0.0012245032121427357	0.058230066671967506	0.04374806769192219	0.03587806783616543	0.03365604765713215	0.05136404000222683	0.058796048164367676	0.06427805498242378	0.3288840502500534	0.43762604892253876	0.4648320823907852	0.004349704133346677	0.0033927035983651876	0.002808402758091688	0.0024701046058908105	0.001896703615784645	0.0017332041170448065	0.0016597035573795438	0.0010779034928418696	0.0009838047553785145	0.0009412035578861833	0.04615199752151966	18.42289924621582	19.423118591308594	1.7478167592344107e-05	76.70391464233398	0.08841199800372124	1.0905219912528992	0.0036987208295613527	0.003831041045486927	0.003955560969188809	0.0036257609026506543	0.0019059611950069666	0.0014879208756610751	0.0013091207947582006	4.604101013683248e-05	0.00013048082837485708	0.00016624115232843906	18.668498992919922
TSC020	0.1249208003282547	0.07700901478528976	0.0010531499865464866	0.0004320383013691753	0.01128805661574006	0.0009700822702143341		1.95663183927536	0.017999999225139618		0.0010941043437924236	0.0291240643709898	0.025162062607705593	0.023490057326853275	0.02447605598717928	0.04738004691898823	0.05585204251110554	0.061748042702674866	0.32783208787441254	0.4359840601682663	0.4631400555372238	0.004228303441777825	0.00326910347212106	0.002685303916223347	0.0023482046090066433	0.0017794048762880266	0.0016173046897165477	0.0015444037271663547	0.0009746041905600578	0.0008828043937683105	0.0008419045771006495	0.02937199827283621	19.987099647521973	19.899558067321777	1.2797266208508518e-05	39.035926818847656	0.07676399871706963	1.0257779955863953	0.007496120408177376	0.006659161066636443	0.006028400966897607	0.005038760602474213	0.001996920967940241	0.001467200752813369	0.0012659209896810353	4.752091990667395e-05	0.0001417205530742649	0.00017956078227143735	20.2273006439209
TSC021	0.18205853551626205	0.06352970190346241	0.0013332880334928632	0.0010500478674657643	0.014548077713698149	0.002164063393138349		1.9182661175727844	0.017999999225139618		0.0010146030690521002	0.03720005601644516	0.03161606751382351	0.02826804667711258	0.028208074159920216	0.04871206358075142	0.05679205805063248	0.0625520683825016	0.3284240663051605	0.43710803985595703	0.4643200486898422	0.004141003824770451	0.0031950034899637103	0.0026201045839115977	0.0022885050857439637	0.0017296049045398831	0.0015718021895736456	0.0015002047875896096	0.0009434053208678961	0.0008547038014512509	0.000814505503512919	0.031996000558137894	24.63239860534668	32.8465576171875	1.0198503787250957e-05	48.5199031829834	0.08108600229024887	0.8151800334453583	0.005631600972265005	0.004958000732585788	0.004884440917521715	0.00429544085636735	0.001793120929505676	0.0013374011032283306	0.0011612806119956076	7.024087244644761e-05	0.00014152117364574224	0.0001702406952972524	24.747000694274902
TSC025	0.18635736405849457	0.06839680299162865	0.0014163380837999284	0.0009480476146563888	0.016894059255719185	0.001712050405330956		1.8923577070236206	0.017999999225139618		0.0012331035686656833	0.04076407477259636	0.033218059688806534	0.02909008041024208	0.028720065020024776	0.04906206578016281	0.057082051411271095	0.06279808655381203	0.32838205993175507	0.4369400441646576	0.46412602066993713	0.004374305019155145	0.0034024035558104515	0.002809403813444078	0.0024651045678183436	0.0018832030473276973	0.0017172041698358953	0.001642004237510264	0.0010535037727095187	0.0009576046722941101	0.0009155044099316001	0.03492800146341324	25.720099449157715	36.93924140930176	1.0078549166792072e-05	52.5199031829834	0.09763399511575699	0.7543400526046753	0.005703920731320977	0.005171280354261398	0.005103840492665768	0.004519880982115865	0.001972760888747871	0.0014923608396202326	0.0012890809448435903	0.00010224089055554941	0.0001644010844756849	0.00019296109530841932	25.6943998336792
TSC027	0.28618893027305603	0.08655960112810135	0.0014454700285568833	0.0014520644908770919	0.02777006197720766	0.002022051834501326		1.7475338578224182	0.017999999225139618		0.0012746038846671581	0.061566056683659554	0.04627606272697449	0.03771805763244629	0.03507606498897076	0.051922064274549484	0.059204043820500374	0.0646260604262352	0.32912805676460266	0.4380820691585541	0.46532806754112244	0.0043967042583972216	0.0034375033574178815	0.00285190436989069	0.002512705628760159	0.0019366034539416432	0.001772502961102873	0.0016980039654299617	0.0011119040427729487	0.0010164040140807629	0.0009739041270222515	0.04745599627494812	26.698500633239746	36.594717025756836	1.0038614163931925e-05	79.1358871459961	0.1113559901714325	0.7596760392189026	0.0034878005972132087	0.0036192004336044192	0.0038438806077465415	0.0035879607312381268	0.0018877207767218351	0.0014814810128882527	0.0012991209514439106	0.0001267208208446391	0.00018952093523694202	0.00023332081764237955	26.669599533081055
TSC031	0.3343988060951233	0.11772911250591278	0.001502924133092165	0.001926050172187388	0.029214048758149147	0.0026220702566206455		1.704684555530548	0.017999999225139618		0.001373104751110077	0.06590805947780609	0.050078053027391434	0.040624065324664116	0.037376049906015396	0.052764058113098145	0.05981805361807346	0.06514405086636543	0.3295840620994568	0.4389640539884567	0.46626006066799164	0.004493203945457935	0.0035281047457829118	0.0029373052529990673	0.0025946033420041203	0.002011203207075596	0.0018446051981300116	0.0017688042134977877	0.0011712038540281355	0.0010734048555605114	0.0010295033571310341	0.05345600098371506	27.129398345947266	37.78156089782715	1.3638287782669067e-05	111.42789077758789	0.187111996114254	0.7331999838352203	0.00245168071705848	0.0029495207127183676	0.0032750408863648772	0.00312608084641397	0.001768760965205729	0.001419240958057344	0.0012244806275703013	0.00015492089005419984	0.00020800121274078265	0.00026488088769838214	27.162097930908203
TSC036	0.7130710184574127	0.10960649698972702	0.0018435639794915915	0.007950077066197991	0.073766078799963	0.008132062153890729		1.2947275042533875	0.017999999225139618		0.002228403463959694	0.14593607187271118	0.09652607515454292	0.06988807208836079	0.05839405953884125	0.06320806592702866	0.0677720382809639	0.07203608378767967	0.33166204392910004	0.44157204031944275	0.468904048204422	0.005349304061383009	0.004363803192973137	0.0037538036704063416	0.003396703628823161	0.0027795028872787952	0.002601205138489604	0.002520002773962915	0.0018574029672890902	0.0017450034501962364	0.001693503581918776	0.08142000064253807	25.956299781799316	51.430877685546875	2.295762260473566e-05	170.80789184570312	0.12590200081467628	1.0941920280456543	0.0013978808419778943	0.0022525208769366145	0.0027077210834249854	0.002833200851455331	0.0021050407085567713	0.0017550409538671374	0.0015436807880178094	0.00016192079056054354	0.0002350808645132929	0.00028432100953068584	26.461400032043457
TSC045	0.5103031247854233	0.0954931229352951	0.0018401939887553453	0.0032220555003732443	0.046484075486660004	0.0037040567258372903		1.469796597957611	0.017999999225139618		0.002123803715221584	0.09829406812787056	0.06978407874703407	0.05340205132961273	0.04671806842088699	0.05724604055285454	0.06319605559110641	0.06806006655097008	0.33069805800914764	0.44064606726169586	0.46802008152008057	0.005274003837257624	0.004258803790435195	0.003628905164077878	0.00325990526471287	0.002622904721647501	0.0024378051748499274	0.0023536038352176547	0.0016703036380931735	0.0015547042712569237	0.001501803402788937	0.06757599487900734	26.18879985809326	53.599679946899414	1.2237727787578478e-05	134.92391967773438	0.11184600368142128	1.254014015197754	0.0023289608070626855	0.0029144013533368707	0.0033356406493112445	0.003359080874361098	0.0022626009304076433	0.0018347610021010041	0.0015928010107018054	0.00017520069377496839	0.00023608095943927765	0.0002794808096950874	26.715998649597168
TSC056	0.20020896196365356	0.05736550688743591	0.0018876960966736078	0.0009240865765605122	0.019514059647917747	0.001566066755913198		1.8695902824401855	0.017999999225139618		0.001356103690341115	0.04463005065917969	0.034810060635209084	0.029844083823263645	0.029144068248569965	0.0494240615516901	0.057364048436284065	0.0630560889840126	0.32831405103206635	0.43669602274894714	0.46386203169822693	0.004449803614988923	0.003479103441350162	0.0028846036875620484	0.00253930501639843	0.0019526040996424854	0.0017853030585683882	0.0017091035842895508	0.0011093044304288924	0.0010117042111232877	0.0009673035237938166	0.03747999854385853	28.2471981048584	53.90971755981445	1.0478645435796352e-05	57.635908126831055	0.13652198761701584	1.3554420471191406	0.005069641163572669	0.00489064073190093	0.0048810807056725025	0.004441120894625783	0.0020203208550810814	0.0015471211518160999	0.0012740809470415115	0.0001853206049418077	0.00021744079276686534	0.0002323605804122053	28.48219871520996
TSC060	0.10899780318140984	0.05006571300327778	0.0019459481118246913	0.00023206711193779483	0.008294067345559597	0.0006080293678678572		1.939812183380127	0.017999999225139618		0.0018181043560616672	0.025886078365147114	0.025122066028416157	0.024224071763455868	0.02530206646770239	0.04720005393028259	0.055652083829045296	0.06155405379831791	0.3280860632658005	0.43666602671146393	0.4638720601797104	0.004976404365152121	0.003932003863155842	0.0032869044225662947	0.0029098031809553504	0.0022625031415373087	0.002075804164633155	0.0019914048025384545	0.0013149043661542237	0.0012026044423691928	0.0011517030070535839	0.033747998997569084	30.40190029144287	51.04687690734863	3.903761535184458e-05	43.31989288330078	0.11214599013328552	1.1792320013046265	0.009781360626220703	0.007955720881000161	0.007052920991554856	0.005960560403764248	0.002504320931620896	0.001926001044921577	0.0015735209453850985	0.00029244087636470795	0.0002124807215295732	0.00022340095893014222	30.704198837280273
TSC062	0.08711455389857292	0.03564292564988136	0.001913625921588391	0.0003021621669176966	0.005934066837653518	0.0008481025579385459		1.9674603939056396	0.017999999225139618		0.0015691032749600708	0.021208076737821102	0.022100080735981464	0.022198052145540714	0.023798060603439808	0.04653805308043957	0.05516004003584385	0.06113406643271446	0.3278981000185013	0.4363439977169037	0.4635300934314728	0.004703602287918329	0.0036907047033309937	0.003067204146645963	0.0027047032490372658	0.0020848038839176297	0.0019073039293289185	0.0018267035484313965	0.0011878043878823519	0.0010827031801454723	0.0010359036969020963	0.029307998716831207	30.5566987991333	52.87371826171875	2.3677945137023926e-05	36.43587875366211	0.08840999752283096	0.8413960635662079	0.011237961240112782	0.008445080369710922	0.007293880684301257	0.006000081077218056	0.002306880778633058	0.001749840856064111	0.001437080733012408	0.0002751208812696859	0.0001794011113815941	0.0001880005729617551	30.976799964904785
TSC065	0.0732894279062748	0.04634781368076801	0.0017877199570648372	0.00021605491929221898	0.005466098664328456	0.0007000350742600858		1.9734861254692078	0.017999999225139618		0.0017211040831170976	0.019824041984975338	0.020904059521853924	0.02128207217901945	0.02306607272475958	0.04627210088074207	0.05497410334646702	0.060982050374150276	0.32775208353996277	0.4360620528459549	0.4632300138473511	0.004869203083217144	0.0038351037073880434	0.003196603851392865	0.002824102877639234	0.0021866047754883766	0.0020028039580211043	0.0019198038498871028	0.001256204501260072	0.00114750413922593	0.0010985037661157548	0.028495999984443188	29.56369972229004	49.52743911743164	3.7157833503442816e-05	34.935869216918945	0.09537599608302116	0.7615760564804077	0.012300640344619751	0.009236360434442759	0.007873840862885118	0.006413960596546531	0.002447240985929966	0.0018373210332356393	0.0015102009056136012	0.0002706807863432914	0.00019548095588106662	0.00021004080917919055	29.563398361206055
TSC068	0.0641920268535614	0.0682557225227356	0.001490960014052689	0.000346117012668401	0.0048480413388460875	0.0010340404696762562		1.9846715927124023	0.017999999225139618		0.001444503664970398	0.017956056632101536	0.01915803924202919	0.01992605719715357	0.02198806218802929	0.045956043526530266	0.05476008355617523	0.060798076912760735	0.32759009301662445	0.4357460290193558	0.46289806067943573	0.004557604203000665	0.003562002442777157	0.0029516040813177824	0.0025967040564864874	0.001992503763176501	0.0018195026786997914	0.0017414051108062267	0.0011224042973481119	0.001021603646222502	0.0009762051631696522	0.024636000394821167	27.523200035095215	39.64959907531738	1.6917585980991134e-05	29.95987319946289	0.1188179962337017	0.3971860706806183	0.012974841054528952	0.009536400903016329	0.008069721050560474	0.006369640817865729	0.0021947610657662153	0.0016153210308402777	0.0013566809939220548	0.00019296102254884318	0.0001678012340562418	0.00019296064419904724	27.547698974609375
TSC070	0.18014907836914062	0.05279761925339699	0.0014216200215741992	0.0009400892304256558	0.010830044746398926	0.0022280693519860506		1.8940667510032654	0.017999999225139618		0.0013187048025429249	0.03393806889653206	0.03239406645298004	0.029834074899554253	0.0297780754044652	0.048784054815769196	0.05677005276083946	0.06250807270407677	0.3289540410041809	0.4383901059627533	0.4657100439071655	0.004403003491461277	0.003437302657403052	0.0028462045593187213	0.002503605792298913	0.0019212040351703763	0.001754904689732939	0.0016797047574073076	0.0010860019829124212	0.0009892049711197615	0.0009458047279622406	0.03614799678325653	27.597900390625	39.21383857727051	1.0638087587722111e-05	51.37193489074707	0.07631199806928635	0.8481800854206085	0.00683928094804287	0.00538564077578485	0.005126961041241884	0.004556160653010011	0.002019800595007837	0.0015446408651769161	0.0013356806011870503	0.00019908070680685341	0.00016728103219065815	0.0001857201787061058	27.55989933013916
TSC071	0.2078097239136696	0.06385780684649944	0.0013871380942873657	0.001284098660107702	0.012962055392563343	0.0025900602340698242		1.8432020545005798	0.017999999225139618		0.0019370034569874406	0.0386760700494051	0.035780053585767746	0.03222206048667431	0.03160008415579796	0.04953206703066826	0.05733805149793625	0.06298407912254333	0.3292500823736191	0.4389180541038513	0.4662720710039139	0.005089705577120185	0.004055704455822706	0.0034161045914515853	0.0030412032501772046	0.002396702184341848	0.002210404025390744	0.0021255039609968662	0.001444202964194119	0.001330105063971132	0.00127940415404737	0.03972799889743328	27.368000030517578	37.76947784423828	0.00018243767408421263	59.59990310668945	0.08176399394869804	0.9307980537414551	0.00672544096596539	0.005509000737220049	0.005495961057022214	0.005114360712468624	0.0024628806859254837	0.0018954405095428228	0.0016343608149327338	0.00021396055672084913	0.00017956078227143735	0.00020444065012270585	27.204298973083496
TSC073	0.1721843034029007	0.051270995289087296	0.0012885520118288696	0.0009760666289366782	0.011340055614709854	0.0022860622266307473		1.9083394408226013	0.017999999225139618		0.0013090044376440346	0.033710064366459846	0.031380072236061096	0.028852066956460476	0.028918061405420303	0.0485820434987545	0.05665603652596474	0.062410058453679085	0.3287380486726761	0.4379080533981323	0.4651920646429062	0.004400703823193908	0.003432703553698957	0.002840605331584811	0.0024972044629976153	0.0019138038042001426	0.0017473048064857721	0.0016722044674679637	0.001078203902579844	0.000981504301307723	0.0009386050805915147	0.034115998074412346	24.10500144958496	34.051679611206055	1.1277645626250887e-05	49.119882583618164	0.07262799516320229	0.7580260634422302	0.006823361152783036	0.005514080636203289	0.005201041232794523	0.004676360636949539	0.0020268410444259644	0.0015236809849739075	0.001334240718279034	0.0001315205590799451	0.00015076100680744275	0.00017140075942734256	24.22239875793457
TSC078	0.2681814730167389	0.1203199103474617	0.0010835020220838487	0.0014540815027430654	0.012624058872461319	0.003304057172499597		1.7400299310684204	0.017999999225139618		0.0016698047402314842	0.04487408325076103	0.044374074786901474	0.039636073634028435	0.03779206797480583	0.05146806128323078	0.05867605656385422	0.06409607827663422	0.33074405789375305	0.4420700669288635	0.469666063785553	0.004799504531547427	0.0038001039065420628	0.0031840032897889614	0.002824704395607114	0.002209804020822048	0.00203310395590961	0.0019529041601344943	0.0013111043372191489	0.0012052041129209101	0.0011570033384487033	0.04960400238633156	21.575599670410156	26.580198287963867	1.447737167836749e-05	73.31189346313477	0.07200199738144875	0.611564040184021	0.005715081235393882	0.0043583211954683065	0.004193800734356046	0.004012760939076543	0.002217720728367567	0.0017358007607981563	0.0015443610027432442	0.0001410809127264656	0.0002022407206823118	0.0002626007772050798	21.723498344421387
TSC085	0.3749675005674362	0.16741670668125153	0.000883436034200713	0.0029340506298467517	0.01351006980985403	0.006420092657208443		1.592902660369873	0.017999999225139618		0.0015658035408705473	0.05526405945420265	0.056400056928396225	0.04958205856382847	0.04600205458700657	0.05454208515584469	0.06091206893324852	0.06597403436899185	0.3329020291566849	0.44655604660511017	0.47450004518032074	0.004664104897528887	0.0036978047573938966	0.003104404779151082	0.0027588048251345754	0.0021688047563657165	0.0019991028821095824	0.0019224050920456648	0.0013076051836833358	0.001206004002597183	0.0011606040643528104	0.05804399773478508	20.913000106811523	19.722599029541016	1.5398114555864595e-05	92.3399543762207	0.06263400055468082	0.8194360435009003	0.004574600839987397	0.0032595611410215497	0.003234681091271341	0.003292240551672876	0.002026560832746327	0.0016195611096918583	0.0014760406920686364	7.788091897964478e-05	0.00020820095960516483	0.00029824078956153244	21.112197875976562
TSC089	0.48855048418045044	0.2150847092270851	0.000885298039065674	0.004990072222426534	0.01425606245175004	0.00953005300834775		1.4741336703300476	0.017999999225139618		0.0018658036133274436	0.06337005086243153	0.06570805609226227	0.057248057797551155	0.0523480623960495	0.056924061849713326	0.06265406496822834	0.06743605434894562	0.33457402884960175	0.4500160664319992	0.4782380312681198	0.005012904293835163	0.004017403349280357	0.0034028039081022143	0.00304400478489697	0.0024272046284750104	0.0022491044364869595	0.002168604056350887	0.0015165036893449724	0.0014069038443267345	0.0013580024242401123	0.06832799687981606	15.335399627685547	21.065237045288086	2.3277401851373725e-05	175.91990661621094	0.05675400234758854	0.7132220268249512	0.0044316810090094805	0.002936120959930122	0.002901001018472016	0.003097400884144008	0.002151840948499739	0.0017269608215428889	0.0015847209142521024	0.00012616075400728732	0.00025604083202779293	0.00037344098382163793	15.495800971984863
TSC092	5.54765260219574	0.45290282368659973	0.0014355360181070864	0.03692806791514158	0.14078805223107338	0.06930405646562576		0.6287260353565216	0.017999999225139618		0.006235804874449968	0.387050062417984	0.30387404561042786	0.22632605582475662	0.18454407155513763	0.13186003267765045	0.12295207381248474	0.11979207396507263	0.3723320811986923	0.5219080448150635	0.5565040409564972	0.009424102958291769	0.008384404238313437	0.007728504715487361	0.007337403483688831	0.0066453032195568085	0.006438503973186016	0.006343304179608822	0.005532704293727875	0.005385704105719924	0.0053177038207650185	0.4675879627466202	14.25629997253418	41.10483932495117	0.0002968779226648621	819.2399291992188	0.09712600335478783	0.8812200427055359	0.0013269207265693694	0.001356320979539305	0.0016307207406498492	0.00195912120398134	0.002494760788977146	0.0024607210652902722	0.0024107208009809256	0.0005617609713226557	0.0006098409940022975	0.0008836011693347245	14.756398677825928
TSC102	0.16531803458929062	0.15010902658104897	0.0014524220605380833	0.00047201158304233104	0.010088048409670591	0.001172027608845383		1.8961473107337952	0.017999999225139618		0.0015155035653151572	0.032498063519597054	0.03154406975954771	0.029302053153514862	0.029378056526184082	0.04855605587363243	0.05661005526781082	0.0623620692640543	0.3288820683956146	0.43827207386493683	0.46558205783367157	0.0046680045779794455	0.003663104143925011	0.003045804100111127	0.0026864033425226808	0.0020740043837577105	0.0018988046213053167	0.0018191042472608387	0.0011881041573360562	0.001084603660274297	0.0010379034210927784	0.038523998111486435	16.552000045776367	36.557796478271484	1.6397833860537503e-05	50.99990272521973	0.11619799211621284	0.7008600234985352	0.007443560985848308	0.005956281209364533	0.005409561330452561	0.004773960681632161	0.002267760573886335	0.0016993606695905328	0.0014516011578962207	0.00013776115883956663	0.0001956009800778702	0.0002672806440386921	16.607199668884277
TSC110	0.1829250529408455	0.10870721936225891	0.0017064560088329017	0.0006080675084376708	0.012196073308587074	0.001308069215156138		1.8719982504844666	0.017999999225139618		0.0015987035585567355	0.03636006824672222	0.03382008709013462	0.030740050598978996	0.030428080819547176	0.04907405748963356	0.056990036740899086	0.0627000592648983	0.3289940804243088	0.4384240508079529	0.46574003994464874	0.004753203596919775	0.0037406033370643854	0.0031181054655462503	0.00275470525957644	0.0021347051952034235	0.001956904190592468	0.0018763029365800321	0.0012343034031800926	0.0011284035281278193	0.0010812044492922723	0.0403479989618063	19.976299285888672	40.47535705566406	2.3597329345648177e-05	55.211923599243164	0.09006799757480621	1.0605659484863281	0.006948880851268768	0.005700480658560991	0.00527040078304708	0.004713841248303652	0.002304920693859458	0.0017436808557249606	0.0014683209592476487	0.00013860084072803147	0.00018120087042916566	0.00024060100258793682	20.272798538208008
TSC117	0.11386669427156448	0.06590971164405346	0.0019041459308937192	0.00032810687844175845	0.01061203982681036	0.0007160663371905684		1.9340839385986328	0.017999999225139618		0.0019501039059832692	0.029072060249745846	0.026178055442869663	0.024568047374486923	0.025418076664209366	0.0474940724670887	0.055890053510665894	0.06176605820655823	0.328000083565712	0.4363800436258316	0.46354807913303375	0.005156203638762236	0.004085204564034939	0.0034217035863548517	0.0030335038900375366	0.0023668038193136454	0.002173404092900455	0.0020865026162937284	0.001384604605846107	0.0012677049962803721	0.0012151041883043945	0.03283199854195118	24.345300674438477	51.826324462890625	5.863740898348624e-05	44.70390510559082	0.10545599460601807	1.0742160379886627	0.009105321019887924	0.007869041291996837	0.007275440730154514	0.006183440564200282	0.0026000008219853044	0.0019632410840131342	0.0016044409130699933	0.00021136068244231865	0.00020364075317047536	0.0002263608548673801	24.418498039245605
TSC126	0.05672580935060978	0.040547408163547516	0.001847944047767669	0.0002541065259720199	0.005800085142254829	0.0007300424622371793		1.9859773516654968	0.017999999225139618		0.0016084032831713557	0.018690046854317188	0.0187860494479537	0.019354072399437428	0.021462082862854004	0.04593205451965332	0.054758086800575256	0.060810066759586334	0.3274500370025635	0.43539005517959595	0.46251003444194794	0.004783703247085214	0.003753003431484103	0.00311940407846123	0.002750003943219781	0.002119102864526212	0.0019380042213015258	0.0018564039492048323	0.0012058040592819452	0.0010987025452777743	0.0010510048014111817	0.024847998283803463	23.270700454711914	49.74640083312988	3.12779839077848e-05	30.331893920898438	0.08727199956774712	1.1636120676994324	0.012788000050932169	0.010015720501542091	0.008455001283437014	0.006754240719601512	0.0023787207901477814	0.0017459206865169108	0.0014287210651673377	0.00018916078261099756	0.00017772085993783548	0.00018736079073278233	23.613999366760254
TSC135	0.08714492619037628	0.04855271242558956	0.0018526840140111744	0.0002921581326518208	0.007700061658397317	0.0007460594351869076		1.961203932762146	0.017999999225139618		0.0018337041256017983	0.023684067651629448	0.02296406775712967	0.022518081590533257	0.023926090449094772	0.0467560812830925	0.05534208193421364	0.06130409799516201	0.32783210277557373	0.43612803518772125	0.46330003440380096	0.005036803660914302	0.0039762044325470924	0.0033212050329893827	0.0029380038613453507	0.0022817039862275124	0.0020922047551721334	0.002006603521294892	0.001320304290857166	0.001207304885610938	0.0011560031562112272	0.029971998184919357	20.697299003601074	49.72212028503418	5.223721018410288e-05	38.59992218017578	0.07291599735617638	0.9017820358276367	0.01071328017860651	0.008683720603585243	0.007734641432762146	0.00638236035592854	0.0025450410321354866	0.0019001610926352441	0.001578040944878012	0.00021208077669143677	0.00021304130495991558	0.00022720106062479317	21.194700241088867
TSC140	0.5141364485025406	0.12982971593737602	0.0017519938992336392	0.0007900714699644595	0.014728069305419922	0.0015940809389576316		1.4695393443107605	0.017999999225139618		0.006199904717504978	0.0569880623370409	0.056394077837467194	0.04911404475569725	0.045576062053442	0.055112071335315704	0.06144408695399761	0.06644804403185844	0.3331340402364731	0.44693006575107574	0.47493205964565277	0.009869203437119722	0.008376805111765862	0.007408703211694956	0.006820904091000557	0.005761303706094623	0.005439703585579991	0.005291303852573037	0.004019703017547727	0.003789904061704874	0.0036833035992458463	0.07003600150346756	7.587499618530273	59.86171913146973	0.0011127975885756314	116.79993057250977	0.0798959992825985	0.7283740639686584	0.008975480683147907	0.007628320483490825	0.0075803210493177176	0.0077580411452800035	0.0052706405986100435	0.004377840785309672	0.0037775608943775296	0.0004127208812860772	0.0003973209095420316	0.0004412810376379639	8.133699893951416
TSC141	0.10536716133356094	0.07056940719485283	0.0014341260539367795	0.0006080341408960521	0.010362067259848118	0.0013700533309020102		1.931922972202301	0.017999999225139618		0.002212803578004241	0.028818068094551563	0.02621605433523655	0.024662074632942677	0.025518059730529785	0.04746205732226372	0.055866070091724396	0.0617560762912035	0.3280220478773117	0.43643203377723694	0.4636080861091614	0.005584304453805089	0.004441604251042008	0.0037325030425563455	0.003315903595648706	0.002598203718662262	0.00239040469750762	0.0022960040951147676	0.0015348035376518965	0.001407304429449141	0.0013503047521226108	0.030755999498069286	1.6768000721931458	35.85719871520996	0.00010791748718474992	44.05991172790527	0.10584600269794464	1.0118419826030731	0.009959680493921041	0.008480481337755919	0.00785636086948216	0.0068044806830585	0.0028034410206601024	0.0020501608960330486	0.0017434809706173837	0.00012392088683554903	0.00017692081746645272	0.00020548075553961098	2.0060999393463135
TSC145	0.13627059012651443	0.10688482224941254	0.001331622013822198	0.0009500646556261927	0.011686067562550306	0.002044081629719585		1.8981909155845642	0.017999999225139618		0.002167703816667199	0.0330400662496686	0.030060067772865295	0.027646074071526527	0.027892064303159714	0.04828806407749653	0.05644606240093708	0.062248051166534424	0.32846806943416595	0.43733203411102295	0.46457405388355255	0.005549104418605566	0.004412104142829776	0.003706703777424991	0.00329310295637697	0.0025812035892158747	0.002374403993599117	0.002280603628605604	0.0015266052214428782	0.0014004054246470332	0.0013441050541587174	0.033851997926831245	0.09570000320672989	30.81599712371826	9.439796122023836e-05	50.0318660736084	0.12681399658322334	1.1021300554275513	0.008965121116489172	0.007616560906171799	0.00710668065585196	0.006338200531899929	0.0027622407069429755	0.0020282408222556114	0.0017242010799236596	0.00014208086213329807	0.00021580062457360327	0.00025836125132627785	0.20620000176131725
TSC147	0.7790603637695312	0.18833351135253906	0.0015093761030584574	0.003356070606969297	0.03584806341677904	0.005072054918855429		1.250812828540802	0.017999999225139618		0.0031931042904034257	0.10103605687618256	0.08562606200575829	0.06893805786967278	0.06053006276488304	0.062392085790634155	0.06700204685330391	0.0712420754134655	0.3358020633459091	0.4516420364379883	0.4799700528383255	0.0063965043518692255	0.005322004435583949	0.0046469043008983135	0.004246304975822568	0.0035443028900772333	0.0033371035242453218	0.003242303733713925	0.0024522048188373446	0.002314802724868059	0.0022519034100696445	0.08720799535512924	17.703099250793457	43.127798080444336	0.0001506380722275935	150.39990997314453	0.09198800101876259	0.30477605760097504	0.0034591208677738905	0.0032417209586128592	0.0034962407080456614	0.0036023209104314446	0.002891361014917493	0.002475400804542005	0.002244560862891376	0.00030632100242655724	0.00036272063152864575	0.00045796087943017483	17.81619930267334
TSC148	0.09834345802664757	0.052673520520329475	0.0016361760790459812	0.00030614376009907573	0.007768073119223118	0.0008040571119636297		1.9508353471755981	0.017999999225139618		0.0018781038816086948	0.024692063219845295	0.02425606269389391	0.02360604703426361	0.024828056804835796	0.04699810966849327	0.055506085976958275	0.06143609993159771	0.32800205051898956	0.43650199472904205	0.4636940509080887	0.0050577044021338224	0.003999605309218168	0.0033453049836680293	0.002962903934530914	0.0023054041666910052	0.0021159047028049827	0.0020298048621043563	0.001341004332061857	0.0012269046856090426	0.0011754038860090077	0.03144399914890528	21.000699043273926	43.87363815307617	3.9517879486083984e-05	40.97991180419922	0.06651800125837326	0.8004880547523499	0.010342201683670282	0.008287000469863415	0.007367000915110111	0.006219921167939901	0.0025444808416068554	0.0019129213178530335	0.001620920782443136	0.0002084010120597668	0.00019788078498095274	0.00021520086011150852	21.311298370361328
TSC149	0.012638949789106846	0.03563951049000025	0.0016683279536664486	0.0001301050215261057	0.0025501155760139227	0.00039607047801837325		1.9991453289985657	0.017999999225139618		0.0015447032055817544	0.010458083357661963	0.011760058347135782	0.013994087930768728	0.017266073264181614	0.04471812769770622	0.05390200577676296	0.06010007858276367	0.3269040286540985	0.43440209329128265	0.46146412193775177	0.004688603105023503	0.003672504099085927	0.0030479031847789884	0.002684502862393856	0.0020639029098674655	0.0018861040589399636	0.0018061042064800858	0.0011680034222081304	0.0010636028600856662	0.0010166040156036615	0.01970799919217825	23.780399322509766	46.26123809814453	5.443751797429286e-05	18.727910041809082	0.07472199946641922	0.6831100881099701	0.02140204142779112	0.01553740119561553	0.011755520012229681	0.008213361259549856	0.002348521025851369	0.001702760811895132	0.0014124407316558063	0.00018008068582275882	0.0001688408083282411	0.0001758407015586272	24.033199310302734
TSC152	0.013961564749479294	0.039384618401527405	0.0014791840221732855	0.0001500844955444336	0.0022200727835297585	0.0004880952910752967		1.999032735824585	0.017999999225139618		0.0015177035820670426	0.010294046718627214	0.012106060981750488	0.01439607609063387	0.017610054463148117	0.04473411105573177	0.05390000343322754	0.06010007858276367	0.326974093914032	0.43454204499721527	0.46162207424640656	0.004665203625336289	0.0036511037033051252	0.003027904313057661	0.002665703883394599	0.0020482033723965287	0.001870803243946284	0.0017904046108014882	0.001156403450295329	0.0010524025419726968	0.0010061034408863634	0.019852000288665295	24.644400596618652	40.47711753845215	4.2957366531481966e-05	18.927900314331055	0.08329999819397926	0.5681600570678711	0.02169464062899351	0.01513444073498249	0.011438000947237015	0.008037400897592306	0.0023097610101103783	0.001677761145401746	0.0014100009575486183	0.00019972078735008836	0.00017360105994157493	0.0001851605629781261	24.740800857543945
TSC153	0.026189475320279598	0.052620820701122284	0.0016127079725265503	0.00016208171655307524	0.003222031518816948	0.0006180238851811737		1.9960076212882996	0.017999999225139618		0.0017059031524695456	0.013112058863043785	0.014766087289899588	0.01650804467499256	0.019280037842690945	0.045130014419555664	0.05418812111020088	0.060324085876345634	0.3271539807319641	0.4348960220813751	0.4619900733232498	0.004887104034423828	0.003842403879389167	0.0031988051487132907	0.0028235032223165035	0.0021809039171785116	0.001996404491364956	0.0019128036219626665	0.0012467047781683505	0.0011373046436347067	0.0010882040951400995	0.02177599724382162	23.566200256347656	43.550838470458984	5.451768811326474e-05	23.727900505065918	0.08341200277209282	0.7506140470504761	0.018157241865992546	0.012997360900044441	0.010430720634758472	0.007739120861515403	0.0024471208453178406	0.0017822408699430525	0.0014944408903829753	0.0001976407365873456	0.00018420092965243384	0.00020388096163515002	23.801898956298828
TSC156	0.14303763955831528	0.1236485056579113	0.0017467860598117113	0.0006920385349076241	0.009174046106636524	0.0017280959873460233		1.8928601741790771	0.017999999225139618		0.0022510039852932096	0.03062407113611698	0.030382066033780575	0.028550053015351295	0.028820065781474113	0.0482280720025301	0.056348079815506935	0.062144093215465546	0.32876403629779816	0.4380560517311096	0.465350016951561	0.005486303940415382	0.004379704827442765	0.0036912045907229185	0.0032866039546206594	0.0025875037536025047	0.002384404535405338	0.002291403478011489	0.0015453040250577033	0.0014203035389073193	0.0013638052041642368	0.03700399771332741	25.034701347351074	46.248924255371094	7.143795301089995e-05	52.29191589355469	0.11433599516749382	0.6584460139274597	0.009164521005004644	0.007184640970081091	0.00672936113551259	0.006004840834066272	0.0027518008137121797	0.0020804008236154914	0.001748480775859207	0.0002112407237291336	0.0002385208717896603	0.0002966408501379192	25.225600242614746
TSC159	0.25851087272167206	0.1321791186928749	0.0018104460905306041	0.0008740854100324214	0.013564061839133501	0.001886076934169978		1.733571171760559	0.017999999225139618		0.002317703911103308	0.044880062341690063	0.043160056695342064	0.038380054756999016	0.03667605482041836	0.05119003355503082	0.058496035635471344	0.06395605951547623	0.3304140716791153	0.4413360506296158	0.4688720703125	0.005518702790141106	0.004437504103407264	0.003763904212974012	0.0033673036377876997	0.002680404228158295	0.0024808046873658895	0.0023892042227089405	0.0016498034819960594	0.0015247032279148698	0.001468104135710746	0.053835997357964516	25.13469696044922	51.15331840515137	5.907788727199659e-05	75.38790893554688	0.12988999858498573	0.8388840556144714	0.006374961230903864	0.005332880886271596	0.00502648064866662	0.004675080766901374	0.0027470409404486418	0.0021614411380141973	0.001837200834415853	0.0003007609338965267	0.0002696807059692219	0.0003303209668956697	25.738099098205566
TSC163	0.1811094433069229	0.15541130304336548	0.0018618139438331127	0.0006640577339567244	0.007668070495128632	0.001802039158064872		1.8168392181396484	0.017999999225139618		0.002556204213760793	0.032786060124635696	0.03532406687736511	0.03313807025551796	0.03274006396532059	0.049244070425629616	0.05702604725956917	0.062692079693079	0.32972605526447296	0.44013606011867523	0.4676060527563095	0.00579250487498939	0.004664603620767593	0.003959403373301029	0.0035428046248853207	0.002819104236550629	0.0026085030985996127	0.0025118046905845404	0.001727403956465423	0.0015944039914757013	0.0015337034710682929	0.04992000199854374	26.94569969177246	42.686201095581055	0.00015443772281287238	64.20794105529785	0.17993000149726868	0.7143680155277252	0.008996240794658661	0.006840320536866784	0.006127320928499103	0.005440841196104884	0.003015480935573578	0.0023640007711946964	0.0019908007816411555	0.00033400088432244956	0.0003175207239110023	0.0003808408946497366	26.776000022888184
TSC167	0.2498430535197258	0.20443592220544815	0.0017706939252093434	0.0009440422290936112	0.0117100621573627	0.0021340513485483825		1.7470190525054932	0.017999999225139618		0.0022728031035512686	0.042310066521167755	0.04223405942320824	0.03803206421434879	0.036524057388305664	0.05099005065858364	0.058334069326519966	0.06381005421280861	0.330498069524765	0.4416000545024872	0.4691660404205322	0.0054715045262128115	0.004392703995108604	0.003721204469911754	0.0033261042553931475	0.002642802894115448	0.0024439042899757624	0.002353403251618147	0.0016188046429306269	0.0014955044025555253	0.0014390051364898682	0.05278800241649151	24.156399726867676	47.8115177154541	5.3397863666759804e-05	73.58391571044922	0.14884799718856812	0.6314860284328461	0.006762680830433965	0.005395521176978946	0.005099121015518904	0.004727960797026753	0.0026994807412847877	0.0021280007204040885	0.001801720936782658	0.00024376102373935282	0.00027808116283267736	0.0003512007824610919	24.342000007629395
TSC170	0.11645850166678429	0.076969925314188	0.0014996760291978717	0.0004460191848920658	0.007014069706201553	0.0012640428612940013		1.9322966933250427	0.017999999225139618		0.0019653040217235684	0.025644059292972088	0.02666804287582636	0.025886044837534428	0.026768050156533718	0.04742005839943886	0.055762024596333504	0.061642030254006386	0.328432098031044	0.437436044216156	0.4646940529346466	0.0051729034166783094	0.0041001050267368555	0.003435602760873735	0.0030466049211099744	0.0023774036671966314	0.002183904405683279	0.00209670455660671	0.0013922041398473084	0.0012754040653817356	0.0012224048259668052	0.03376399725675583	23.29849910736084	37.634477615356445	4.335746052674949e-05	44.94791030883789	0.064751997590065	0.7311700880527496	0.010214920621365309	0.007697721477597952	0.006903640925884247	0.0059901210479438305	0.00257288059219718	0.0019418812589719892	0.0016549610299989581	0.00021992094843881205	0.00020700067398138344	0.00024328082508873194	23.559199333190918
TSC173	0.03245883621275425	0.04375532083213329	0.001219380006659776	0.00020003318786621094	0.0027340316446498036	0.0007360792078543454		1.9971462488174438	0.017999999225139618		0.0012885048636235297	0.012612047605216503	0.014794077724218369	0.016668028198182583	0.019436029717326164	0.04509199783205986	0.05415010452270508	0.06030011177062988	0.3272179663181305	0.43501003086566925	0.4621161222457886	0.004400103818625212	0.003422404173761606	0.0028238040395081043	0.002476803958415985	0.0018889045459218323	0.00172100419877097	0.00164520472753793	0.0010489043779671192	0.0009521034371573478	0.000908604240976274	0.021168000996112823	24.07479953765869	30.51339817047119	2.027764912782004e-05	22.38787078857422	0.06993599981069565	0.5862340778112411	0.01720812078565359	0.01174908084794879	0.009266880806535482	0.006850881036370993	0.002111280569806695	0.0015325206913985312	0.0013035607407800853	0.000169680715771392	0.0001661208298173733	0.0001792406983440742	24.231399536132812
TSC184	0.1414312869310379	0.0968446135520935	0.0016056518070399761	0.0006440591823775321	0.007194075500592589	0.0018000650452449918		1.914002776145935	0.017999999225139618		0.0017546042799949646	0.02770205494016409	0.02913406863808632	0.027940054424107075	0.02847205102443695	0.04795406758785248	0.05613807030022144	0.061956072226166725	0.328806072473526	0.4382260739803314	0.46553805470466614	0.004915003897622228	0.0038798036985099316	0.003240803722292185	0.0028675036737695336	0.0022288033505901694	0.002044704626314342	0.0019609045702964067	0.0012941044988110662	0.00118370505515486	0.001134503458160907	0.03537599928677082	26.41890048980713	43.48087501525879	1.5998035451048054e-05	47.959882736206055	0.11481399834156036	0.42786411941051483	0.009076240938156843	0.006699000718072057	0.006149361142888665	0.005396840628236532	0.0023733609123155475	0.0018025606404989958	0.001511760929133743	0.00019508093828335404	0.00021260119683574885	0.0002555606479290873	26.60629940032959
TSC191	0.2607312351465225	0.17699450254440308	0.0016155980993062258	0.0008600711880717427	0.007832054980099201	0.0022840690799057484		1.7711150646209717	0.017999999225139618		0.001720404950901866	0.03822806291282177	0.04195206239819527	0.03869406320154667	0.03735605627298355	0.05094003677368164	0.05824605002999306	0.06371606513857841	0.3309560567140579	0.4427180737257004	0.4703780561685562	0.004854903556406498	0.0038457035552710295	0.003222804982215166	0.0028595051262527704	0.0022366029443219304	0.0020573046058416367	0.0019760039867833257	0.0013245043228380382	0.0012169036781415343	0.0011682042386382818	0.05217199958860874	26.561899185180664	42.730878829956055	1.3757645774603589e-05	69.77591705322266	0.10372799262404442	0.6123100519180298	0.0067300808150321245	0.004802920622751117	0.0044518811628222466	0.00409356108866632	0.0022844410268589854	0.0017890409799292684	0.0015200808993540704	0.00015308067668229342	0.00018444090528646484	0.0002911207848228514	26.68389892578125
TSC199	0.2643626034259796	0.12395111471414566	0.0016838019946590066	0.0007340526499319822	0.010560059454292059	0.0017920685349963605		1.7359395623207092	0.017999999225139618		0.0019421034958213568	0.042370038107037544	0.04382607899606228	0.03965606167912483	0.03795405849814415	0.05134003981947899	0.05854606069624424	0.06398605182766914	0.33089806139469147	0.442500039935112	0.4701360762119293	0.005101903807371855	0.004067903617396951	0.003428004332818091	0.003053103922866285	0.0024080032017081976	0.002220903872512281	0.0021359039237722754	0.0014528033207170665	0.0013391047832556069	0.0012869051424786448	0.05383599363267422	26.261399269104004	48.120357513427734	1.511782420493546e-05	74.22394180297852	0.10876400023698807	0.4737100601196289	0.006260240217670798	0.004784880904480815	0.004618080565705895	0.004196680849418044	0.0024424411822110415	0.0019322809530422091	0.001653440936934203	0.00021660097263520584	0.000246440467890352	0.00030444093863479793	26.436999320983887
TSC207	0.220905102789402	0.09870781004428864	0.0017076879157684743	0.0008400869555771351	0.00955806253477931	0.0021460390416905284		1.798099160194397	0.017999999225139618		0.0018597033922560513	0.0376000702381134	0.03902805782854557	0.03583605773746967	0.03484204411506653	0.05016005411744118	0.057702064514160156	0.06326406076550484	0.3301560580730438	0.4409860372543335	0.4685000628232956	0.005018604686483741	0.0039858040399849415	0.003346604760736227	0.0029733041301369667	0.0023312040138989687	0.002146003651432693	0.002061904058791697	0.0013865044456906617	0.0012741044629365206	0.0012232044828124344	0.046852000057697296	26.485400199890137	49.69223594665527	1.4557242593582487e-05	65.65988349914551	0.10483399406075478	0.45462004840373993	0.0068681207485497	0.005135921062901616	0.004972240887582302	0.004519561305642128	0.0024030806962400675	0.0018685608520172536	0.0015732409665361047	0.00021140099124750122	0.0002361208971706219	0.0002830010635079816	26.578499794006348
TSC210	0.22164420038461685	0.10181030631065369	0.0019178660586476326	0.0007500648498535156	0.013070068322122097	0.0016781043959781528		1.7891252636909485	0.017999999225139618		0.0020315038273110986	0.04145205020904541	0.039380064234137535	0.035292062908411026	0.03413805924355984	0.050270065665245056	0.05784803442656994	0.0633980855345726	0.32979005575180054	0.4400620460510254	0.46750402450561523	0.005207504378631711	0.004153604852035642	0.0034997030161321163	0.003116903593763709	0.0024564036866649985	0.002264803391881287	0.002177903428673744	0.0014768028631806374	0.0013593030162155628	0.0013063028454780579	0.047443998977541924	25.724597930908203	55.243600845336914	2.915754885179922e-05	67.44788360595703	0.10301200672984123	0.6278040111064911	0.006456161150708795	0.005332000553607941	0.0051760810893028975	0.0047417208552360535	0.0025424008490517735	0.0019823210313916206	0.0016482807695865631	0.0002342408915865235	0.00025068112881854177	0.0002966406900668517	25.92409896850586
TSC213	0.09177123010158539	0.043772296980023384	0.0015557320439256728	0.0002500772461644374	0.007764053298160434	0.00063804627279751		1.9590320587158203	0.017999999225139618		0.0016075038583949208	0.02354005817323923	0.022626075893640518	0.02218407578766346	0.023650064133107662	0.04673007130622864	0.05533204972743988	0.06129607558250427	0.327796071767807	0.43605606257915497	0.4632120877504349	0.00474780285730958	0.0037297048838809133	0.0031034040730446577	0.002738203969784081	0.0021142056211829185	0.0019347041961736977	0.0018536042771302164	0.001208903209771961	0.001102903508581221	0.0010549038997851312	0.030160000547766685	24.520700454711914	35.252798080444336	2.371698610659223e-05	37.86787986755371	0.07804999500513077	1.0073440968990326	0.010615721810609102	0.00853980053216219	0.007449560798704624	0.0060588407795876265	0.0023667210480198264	0.0017901609535329044	0.0014922008267603815	0.00020168095943517983	0.00018688090494833887	0.00019832052203128114	24.77389907836914
TSC216	0.25623418390750885	0.07415638864040375	0.0014229060034267604	0.000826067931484431	0.019650078378617764	0.00146005634451285		1.740648090839386	0.017999999225139618		0.0022826042259112	0.05056007765233517	0.042550068348646164	0.03643406368792057	0.03460804373025894	0.0510900542140007	0.058512045070528984	0.06401005759835243	0.3295460492372513	0.4392920583486557	0.46664802730083466	0.005465805530548096	0.004393103765323758	0.0037245029816403985	0.003331404644995928	0.0026508034206926823	0.0024529045913368464	0.0023623030865564942	0.0016298055415973067	0.0015061032609082758	0.0014502036501653492	0.04984800145030022	18.207399368286133	31.859158515930176	5.8478266510064714e-05	74.43990325927734	0.09290999174118042	0.9066100418567657	0.0056710010394454	0.00532436091452837	0.005239360965788364	0.00489692110568285	0.0027036007959395647	0.002128841122612357	0.0018128808587789536	0.00021928079513600096	0.00024500072322553024	0.00026904082915280014	18.44979953765869
TSC219	0.20138131827116013	0.14365240186452866	0.0015703939134255052	0.0006860589783173054	0.00798406614921987	0.0018520784797146916		1.8085569739341736	0.017999999225139618		0.002134904032573104	0.03432805463671684	0.03685605525970459	0.03436005115509033	0.03373206593096256	0.04964207299053669	0.05730806477367878	0.0629260465502739	0.32997408509254456	0.44065606594085693	0.4681500345468521	0.005304204300045967	0.00423930399119854	0.0035777026787400246	0.0031886049546301365	0.0025173043832182884	0.0023230043007060885	0.0022340035066008568	0.0015179032343439758	0.0013983038370497525	0.0013435041764751077	0.05167599581182003	25.949298858642578	37.076799392700195	5.24778661201708e-05	64.81989288330078	0.11692799627780914	0.9368859827518463	0.007906960789114237	0.006002280628308654	0.005338081158697605	0.0047401608899235725	0.002686520921997726	0.0021175609435886145	0.0018237209878861904	0.00026244089531246573	0.00025328084302600473	0.0003222806699341163	25.95029926300049
TSC222	0.08388977870345116	0.0961322970688343	0.0017292139818891883	0.000250077253440395	0.0052360533736646175	0.0007800579187460244		1.944898009300232	0.017999999225139618		0.002251203404739499	0.021238064393401146	0.02324006985872984	0.023386073298752308	0.024824061430990696	0.04665204510092735	0.05522006005048752	0.061178067699074745	0.3280840516090393	0.43677008152008057	0.4639940559864044	0.005459303967654705	0.004353604279458523	0.0036651039263233542	0.0032600045669823885	0.0025610041338950396	0.0023575049126520753	0.0022648032754659653	0.0015195035957731307	0.0013944038655608892	0.001337804482318461	0.03551600128412247	26.132899284362793	35.21647834777832	0.00014747754175914451	42.339900970458984	0.088578000664711	1.4202880263328552	0.012812440283596516	0.009500641375780106	0.008042841218411922	0.0066229605581611395	0.0029170807683840394	0.002223120885901153	0.001843720965553075	0.0003237210912629962	0.00024364062119275331	0.0002824009279720485	26.06179904937744
TSC223	0.23591279238462448	0.082732904702425	0.001704382011666894	0.0013300562277436256	0.014376048929989338	0.0028220558306202292		1.764505684375763	0.017999999225139618		0.0020655044354498386	0.04390006512403488	0.0408620648086071	0.03625405766069889	0.0348400603979826	0.05061604082584381	0.05809604749083519	0.06362006440758705	0.3298760801553726	0.44020403921604156	0.46764206886291504	0.00515450444072485	0.004123104037716985	0.0034832037054002285	0.0031067043310031295	0.002457604045048356	0.0022688034223392606	0.002183204283937812	0.0014901033136993647	0.0013736036489717662	0.0013206040603108704	0.054787999019026756	26.73659896850586	31.278676986694336	5.87178765272256e-05	71.12788009643555	0.13547199964523315	1.0577180087566376	0.006175120361149311	0.005350160878151655	0.004857960622757673	0.0044090410228818655	0.002579441061243415	0.002071641036309302	0.0017538806423544884	0.0003174407029291615	0.0002392008827882819	0.00027244098600931466	26.794899940490723
TSC224	0.25730252265930176	0.0905512161552906	0.0016690661432221532	0.0010920572094619274	0.014532079920172691	0.002058057754766196		1.7627761363983154	0.017999999225139618		0.002762703923508525	0.04238206520676613	0.038344068452715874	0.03398403711616993	0.03296606428921223	0.05033806338906288	0.05796805955469608	0.06353205442428589	0.32962606847286224	0.4396340548992157	0.46704404056072235	0.0060234032571315765	0.004888404626399279	0.004176704911515117	0.0037566039245575666	0.003023004508577287	0.0028090045088902116	0.002710603177547455	0.0019077047472819686	0.0017707037623040378	0.0017084046849049628	0.050616003572940826	27.24389934539795	34.8661994934082	0.00025275811640312895	71.0038948059082	0.158113993704319	0.6908099949359894	0.008260961156338453	0.007145001087337732	0.006555160973221064	0.005756360944360495	0.00308572081848979	0.002494320855475962	0.0021381209371611476	0.00035412081342656165	0.0003055611305171624	0.0003365206066519022	27.32990074157715
TSC227	0.16499532014131546	0.07124600932002068	0.0013468360411934555	0.00047800541506148875	0.010984039399772882	0.0011460399837233126		1.9074918031692505	0.017999999225139618		0.001273604342713952	0.03263804502785206	0.03044607676565647	0.028132062405347824	0.028348040767014027	0.04838009737432003	0.056509995833039284	0.06229201331734657	0.3286281228065491	0.4376920908689499	0.46496208012104034	0.0043706027790904045	0.0034050041576847434	0.002815003739669919	0.002473104279488325	0.001892803586088121	0.0017269048257730901	0.001652203791309148	0.001063002913724631	0.0009666055557318032	0.0009238037455361336	0.038947999477386475	24.586100578308105	33.22819709777832	1.4557987014995888e-05	49.49591827392578	0.08330799266695976	1.0096739828586578	0.006878160405904055	0.005766280926764011	0.005228281486779451	0.004482520744204521	0.0020999208791181445	0.0016112012672238052	0.001428601040970534	0.00014724097854923457	0.0001995205893763341	0.00022484063811134547	24.821797370910645
TSC229	0.3302309662103653	0.14382749795913696	0.00124014395987615	0.0022320508724078536	0.023648066446185112	0.0037980556953698397		1.6755538582801819	0.017999999225139618		0.0013615041971206665	0.06266605295240879	0.053132085129618645	0.0445240642875433	0.04104006290435791	0.0534780640155077	0.06024404615163803	0.06546806171536446	0.33083006739616394	0.4418240487575531	0.4693540334701538	0.004453903995454311	0.0035010039573535323	0.002917905105277896	0.002579505438916385	0.002003904606681317	0.0018388032913208008	0.0017645045882090926	0.001173403870780021	0.0010763034224510193	0.0010328048665542156	0.05722399987280369	14.500499725341797	20.96555805206299	1.1477917269075988e-05	82.88385772705078	0.08477599918842316	0.8485539853572845	0.003748520859517157	0.0034432007232680917	0.0033176009310409427	0.0032050807494670153	0.0019845206988975406	0.0015640008496120572	0.001406000868882984	0.0001010408996080514	0.0002461207695887424	0.000316880876198411	14.767600059509277
TSC231	0.18142496049404144	0.11126401647925377	0.001340894028544426	0.0008340549538843334	0.012976074125617743	0.001860065502114594		1.8701934814453125	0.017999999225139618		0.0015903040766716003	0.03716207481920719	0.03378804214298725	0.030524062924087048	0.030198078602552414	0.049082059413194656	0.05701204389333725	0.06272006034851074	0.3289000689983368	0.4381980746984482	0.46549205482006073	0.004746805410832167	0.003736304002813995	0.0031146048568189144	0.002752104075625539	0.0021335038472898304	0.0019557037740014493	0.001875104266218841	0.0012346047442406416	0.0011296040029264987	0.0010820046009030193	0.04268000088632107	19.35830020904541	22.10303497314453	6.115794349170756e-05	55.77587890625	0.18210599943995476	0.6887140572071075	0.006692200666293502	0.005759840598329902	0.005224360851570964	0.0046116807498037815	0.0023339606123045087	0.0017878009239211679	0.0015032810042612255	0.00010976083467539866	0.0002522406794014387	0.0003000006909132935	19.26289939880371
TSC233	0.18109984695911407	0.07097740098834038	0.001436469960026443	0.0005500173720065504	0.012254052329808474	0.0012880468275398016		1.8909102082252502	0.017999999225139618		0.0012149038957431912	0.035422058776021004	0.032408056780695915	0.029508089646697044	0.02941009495407343	0.04882804863154888	0.05682806111872196	0.06256207451224327	0.3287980407476425	0.4379960596561432	0.4652800112962723	0.004320704378187656	0.0033607044024392962	0.002774603432044387	0.002435205038636923	0.0018601035699248314	0.0016962045338004827	0.0016223043203353882	0.001040604431182146	0.0009462037705816329	0.0009042033634614199	0.041103996336460114	20.124099731445312	27.82479763031006	1.163780689239502e-05	52.2279109954834	0.10519399121403694	0.8502420783042908	0.0063064005225896835	0.005393520928919315	0.004882841138169169	0.004238000838086009	0.0020616805413737893	0.0015827208408154547	0.001379480876494199	0.0001206807755806949	0.00017724089411785826	0.00020932078041369095	20.204599380493164
TSC235	0.20230943709611893	0.08205289766192436	0.0016040400369092822	0.000886082649230957	0.015282078180462122	0.0017800426576286554		1.83169025182724	0.017999999225139618		0.0016727038891986012	0.04168407432734966	0.03668605722486973	0.03245806321501732	0.03162805084139109	0.04974205605685711	0.057510046288371086	0.06314006820321083	0.3291000425815582	0.438524067401886	0.46583203971385956	0.004841604502871633	0.0038220036076381803	0.00319340405985713	0.0028270030161365867	0.0022001046454533935	0.002019504550844431	0.0019380045123398304	0.0012861040304414928	0.0011784029193222523	0.0011296045850031078	0.046268001198768616	18.613598823547363	38.853797912597656	2.7118026082462166e-05	61.23191452026367	0.11187399551272392	1.0029240250587463	0.0060850807931274176	0.005485681118443608	0.005062120966613293	0.0045135607942938805	0.002372921328060329	0.0018441209685988724	0.0015966008068062365	0.00016056082677096128	0.0002278809988638386	0.00026544071442913264	18.73829936981201
TSC237	0.22335294634103775	0.07894529402256012	0.0015913780080154538	0.0008620786829851568	0.017476052977144718	0.0016640567919239402		1.8011553883552551	0.017999999225139618		0.001704604015685618	0.046162061393260956	0.03965207003057003	0.034478044137358665	0.03314203768968582	0.050400061532855034	0.05800002999603748	0.06356606259942055	0.3293260931968689	0.4388900697231293	0.46622005105018616	0.004877104423940182	0.0038559032836928964	0.0032262044260278344	0.0028591054724529386	0.0022306033642962575	0.002049603732302785	0.001967504038475454	0.0013117048656567931	0.001203003863338381	0.0011542036663740873	0.04755599610507488	16.852999687194824	33.86351776123047	2.607777696539415e-05	65.6399040222168	0.1284020021557808	0.6716320812702179	0.005532121052965522	0.005090120481327176	0.004816681146621704	0.004398001125082374	0.0023576407693326473	0.0018357211956754327	0.0015804009162820876	0.0001611208135727793	0.00023756072187097743	0.00027252100699115545	17.093499183654785
TSC239	0.17063725739717484	0.059522805735468864	0.0015762100811116397	0.0005380153888836503	0.016262049786746502	0.0010181236430071294		1.9019421935081482	0.017999999225139618		0.001285704376641661	0.03885204717516899	0.031488070264458656	0.027746052481234074	0.02766004577279091	0.04872805066406727	0.05683807283639908	0.06259607896208763	0.3282020688056946	0.4365800470113754	0.46375204622745514	0.004409304121509194	0.0034362038131803274	0.002840803237631917	0.0024958044523373246	0.001910003717057407	0.0017430048901587725	0.0016678040847182274	0.0010729035711847246	0.0009761046967469156	0.0009329056774731725	0.03638400137424469	16.732099533081055	39.29551887512207	1.607775675438461e-05	50.40389633178711	0.13192199543118477	0.7103980779647827	0.005965320393443108	0.005684680305421352	0.005343040684238076	0.004670280730351806	0.0021007207687944174	0.0015872010262683034	0.0013621607213281095	9.560093531035818e-05	0.00018384061695542186	0.0002059607213595882	16.769299507141113
TSC242	0.33465956151485443	0.1495514139533043	0.0014469859888777137	0.002432060311548412	0.021808071061968803	0.004004044458270073		1.6865974068641663	0.017999999225139618		0.0018638038891367614	0.05867006443440914	0.05037606321275234	0.04260806180536747	0.03957407549023628	0.05281207524240017	0.05974803864955902	0.06504006311297417	0.3305700421333313	0.44135406613349915	0.4688500463962555	0.005048603750765324	0.004020704887807369	0.0033855033107101917	0.0030138043221086264	0.0023764035431668162	0.002191804349422455	0.00210780359338969	0.001435304875485599	0.0013232046621851623	0.0012729052104987204	0.060583995655179024	14.263699054718018	28.59003734588623	1.9477754904073663e-05	89.98791122436523	0.14259199053049088	1.2288600206375122	0.004273480735719204	0.004066681023687124	0.0038763206684961915	0.0036254809238016605	0.0023215209366753697	0.0018307208083570004	0.0015945610357448459	9.208097981172614e-05	0.0002533606457291171	0.0003198408376192674	14.277100563049316
TSC245	0.21261824667453766	0.06547110714018345	0.001712094119284302	0.0010700607381295413	0.01698007108643651	0.0019440508331172168		1.8334872722625732	0.017999999225139618		0.0015623036306351423	0.04368005320429802	0.03696003928780556	0.032264070585370064	0.031346067786216736	0.04988205060362816	0.057644058018922806	0.06327003985643387	0.3289780914783478	0.43820203840732574	0.4654880613088608	0.004746703896671534	0.003734904807060957	0.0031129041453823447	0.0027511033695191145	0.0021326037822291255	0.001956003892701119	0.001875604095403105	0.0012370047043077648	0.0011320039629936218	0.0010849040700122714	0.044944001361727715	10.251400470733643	36.612836837768555	2.067789409920806e-05	60.75986289978027	0.10629000142216682	0.7853880524635315	0.005771801341325045	0.0053877211175858974	0.005033400608226657	0.004477000562474132	0.002302520559169352	0.001779440965037793	0.0015560407191514969	0.00016116060578497127	0.0002071610142593272	0.00024132058024406433	10.810999393463135
TSC248	0.5580528378486633	0.0779729038476944	0.001232001988682896	0.004362063365988433	0.02737006265670061	0.006840067217126489		1.4536251425743103	0.017999999225139618		0.0031431028619408607	0.07704605534672737	0.0662800520658493	0.0546540729701519	0.049226064234972	0.057140059769153595	0.0630020722746849	0.06781404465436935	0.33303405344486237	0.4462440311908722	0.4741520583629608	0.006460503907874227	0.00531880441121757	0.0046009039506316185	0.004174904897809029	0.003428504103794694	0.003208605106920004	0.003108003525994718	0.0022740033455193043	0.002129604807123542	0.002062903717160225	0.0778999999165535	11.043599605560303	37.2474365234375	0.0002234381390735507	144.7598876953125	0.07111399993300438	1.5145020484924316	0.004484200617298484	0.004291280871257186	0.004166880622506142	0.004175241105258465	0.0030663604848086834	0.002602360909804702	0.0023622807348147035	0.00042940088314935565	0.00041028097621165216	0.00041704089380800724	9.309099674224854
TSC251	0.3489520400762558	0.043972911313176155	0.000929358066059649	0.0037300491239875555	0.024618063122034073	0.0052220727084204555		1.5674629211425781	0.017999999225139618		0.0032780036563053727	0.06369606591761112	0.05311005003750324	0.0442520659416914	0.04074406065046787	0.05357007496058941	0.06033003702759743	0.06554806232452393	0.33076006174087524	0.44162803888320923	0.46915605664253235	0.006601105211302638	0.005427704658359289	0.004687904845923185	0.004248203942552209	0.0034757036482915282	0.0032477036584168673	0.003142904373817146	0.002277605002745986	0.0021278047934174538	0.0020592042128555477	0.060659997165203094	8.90369987487793	37.45560073852539	0.00023395717289531603	112.71188354492188	0.05811999924480915	1.566822111606598	0.004573401063680649	0.004921960877254605	0.00514624104835093	0.0049459608271718025	0.00309964083135128	0.0025398407597094774	0.002288120798766613	0.0004071610455866903	0.000426881160819903	0.0004093610477866605	1.2711000442504883
TSC254	0.7170991599559784	0.14949019998311996	0.0009392400097567588	0.00861206534318626	0.026526079513132572	0.012200054945424199		1.3100260496139526	0.017999999225139618		0.0032395044108852744	0.08800405636429787	0.08051405102014542	0.06668005883693695	0.059354063123464584	0.061518069356679916	0.06631605327129364	0.07062206417322159	0.3363240212202072	0.45306603610515594	0.4815560430288315	0.0065546038094908	0.005433104699477553	0.004729005275294185	0.004310704069212079	0.003578303731046617	0.003362103132531047	0.003263303660787642	0.002442704397253692	0.002300103660672903	0.002234004787169397	0.0942319966852665	8.037599802017212	31.667916297912598	0.00020923792908433825	146.24391174316406	0.05176600068807602	1.5657761096954346	0.003934000502340496	0.0038522008107975125	0.0037216407945379615	0.003653641091659665	0.0029506811406463385	0.002605920657515526	0.002418160787783563	0.00041260085708927363	0.00046464100887533277	0.0005159608263056725	2.139300048351288
TSC257	0.2825258821249008	0.07835710048675537	0.0010002500202972442	0.0029180573765188456	0.022720069624483585	0.004582047462463379		1.6852825284004211	0.017999999225139618		0.0028662041295319796	0.05632004886865616	0.04609004035592079	0.038738055154681206	0.03630206547677517	0.05185805819928646	0.05909406580030918	0.06450007110834122	0.3297320753335953	0.43955008685588837	0.4669160395860672	0.006065304856747389	0.004943202016875148	0.004237804329022765	0.003819303587079048	0.0030889040790498257	0.002873505698516965	0.002775503438897431	0.001967503980267793	0.001829103217460215	0.0017651039524935186	0.05565599538385868	8.127299547195435	36.3071174621582	0.0002143977617379278	83.90787124633789	0.07467799447476864	1.5088059902191162	0.005670481128618121	0.005624081240966916	0.00542276119813323	0.0050223206635564566	0.0030057611875236034	0.0024084007600322366	0.0021441210992634296	0.0003952411498175934	0.00045104100718162954	0.000454200737294741	2.7737998962402344
TSC259	0.5016462951898575	0.18583282828330994	0.0008034140337258577	0.003156056394800544	0.008134069852530956	0.007940058596432209		1.6160624027252197	0.017999999225139618		0.0033830037573352456	0.045880069956183434	0.05146404728293419	0.046692075207829475	0.04399607703089714	0.053196048364043236	0.05985404923558235	0.06505803763866425	0.3326060473918915	0.4461640566587448	0.47408004105091095	0.006831105099990964	0.005603503668680787	0.0048292046412825584	0.004368403926491737	0.003559904987923801	0.0033213046845048666	0.00321190501563251	0.002307303831912577	0.0021503028692677617	0.0020793041912838817	0.10133599862456322	0.9644999802112579	9.24171781539917	0.0003877580165863037	96.50788116455078	0.05430799722671509	1.6453579664230347	0.007642440730705857	0.0058705611154437065	0.0050913209561258554	0.004674200899899006	0.0033979208674281836	0.0028544807573780417	0.0026065210113301873	0.0006408009794540703	0.0007565610285382718	0.0007984809635672718	0.7962999641895294
TSC261	0.655023455619812	0.08742492273449898	0.0007666559831704944	0.009058070019818842	0.0258580781519413	0.012592062819749117		1.4336045980453491	0.017999999225139618		0.0026452046586200595	0.07542607188224792	0.06659006327390671	0.05538005754351616	0.04991805553436279	0.05685204826295376	0.06270207464694977	0.0675460658967495	0.3330460488796234	0.4463580250740051	0.47423404455184937	0.005840202560648322	0.004778004251420498	0.004114404669962823	0.003723004483617842	0.0030408045276999474	0.002842104760929942	0.0027503027813509107	0.0020018028444610536	0.0018735042540356517	0.0018147045047953725	0.09382399544119835	1.1974999606609344	17.944157600402832	0.00020591780776157975	130.63990020751953	0.09421399980783463	1.21955406665802	0.003743880952242762	0.0037829611683264375	0.00379956082906574	0.0034815609687939286	0.0025462410412728786	0.002152081113308668	0.001970800687558949	0.00035388082324061543	0.0005020808603148907	0.0005057208181824535	0.5381999462842941
TSC264	3.3176088333129883	0.6840279996395111	0.0006998559983912855	0.014298062305897474	0.046104058623313904	0.02473206538707018		0.9598411023616791	0.017999999225139618		0.018247103318572044	0.13907204940915108	0.11859005689620972	0.0938640683889389	0.08066007494926453	0.07324006408452988	0.07561606168746948	0.07865406945347786	0.34230807423591614	0.46452005207538605	0.49399004876613617	0.022278004325926304	0.020354204811155796	0.019042701460421085	0.018213302828371525	0.016639803536236286	0.016138804145157337	0.015902904327958822	0.013736003544181585	0.01331050368025899	0.013110102619975805	0.24341600388288498	1.0097999572753906	10.213437557220459	0.002509157871827483	436.4959411621094	0.056929999962449074	1.290648102760315	0.006892601260915399	0.008432239759713411	0.010618281085044146	0.011722362134605646	0.013544961344450712	0.013575921300798655	0.013008520472794771	0.008506200509145856	0.00808448065072298	0.007900280877947807	-0.17710001021623611
TSC265	1.6344810128211975	0.18450170755386353	0.000721750024240464	0.019396076910197735	0.05449005775153637	0.03553205914795399		0.8804227709770203	0.017999999225139618		0.018992403522133827	0.167230062186718	0.14153404533863068	0.11077606305480003	0.0942680686712265	0.08144206553697586	0.0822860412299633	0.08446205779910088	0.34709204733371735	0.47390004992485046	0.504242017865181	0.023036601953208447	0.021111604291945696	0.019795604050159454	0.018963704351335764	0.017382200341671705	0.01687770476564765	0.016639603301882744	0.014450903981924057	0.014020103495568037	0.013817004393786192	0.13985199853777885	1.5533998608589172	10.269557476043701	0.004312237841077149	234.63986206054688	0.03132799919694662	1.4389300346374512	0.006561161018908024	0.007026480743661523	0.007891160668805242	0.008383440552279353	0.008627920877188444	0.008300200570374727	0.007814561016857624	0.002694520866498351	0.002382120699621737	0.002294400939717889	0.6567000150680542
TSC267	0.5388700664043427	0.2011481076478958	0.0007203400018624961	0.007480063242837787	0.031204060651361942	0.010194053407758474		1.425912618637085	0.017999999225139618		0.0018906036275438964	0.08615009486675262	0.07360205426812172	0.060114048421382904	0.05344804748892784	0.058428071439266205	0.06388404965400696	0.06855804845690727	0.33354006707668304	0.4471740424633026	0.4751180410385132	0.005086403572931886	0.004082504427060485	0.0034638032084330916	0.0031024032505229115	0.0024821037659421563	0.0023023041430860758	0.0022210050374269485	0.0015654039452783763	0.001455003919545561	0.0014055040082894266	0.07476400211453438	4.7276999950408936	6.710677146911621	0.00014551817730534822	137.30392456054688	0.030461999587714672	1.1046720147132874	0.003399600856937468	0.002811401034705341	0.002941640908829868	0.0028866410721093416	0.002138440846465528	0.0017468006699346006	0.00151976099004969	7.520042186115461e-05	0.00027596071595326066	0.0003815609961748123	5.272199869155884
TSC268	0.6593296229839325	0.08491910248994827	0.0006628359842579812	0.01210206001996994	0.04895205982029438	0.01672007143497467		1.132033348083496	0.017999999225139618		0.0022753049852326512	0.12123006209731102	0.09578007087111473	0.0747760646045208	0.0643620491027832	0.06386605650186539	0.06803606078028679	0.07213206216692924	0.3352920711040497	0.45012204349040985	0.4782400578260422	0.005454103462398052	0.004461803939193487	0.0038481035735458136	0.003488004789687693	0.00286750472150743	0.002687403350137174	0.0026050040032714605	0.0019348030909895897	0.0018213048460893333	0.0017691031098365784	0.07966399937868118	2.984000086784363	9.617077350616455	0.000990798301245377	549.6118240356445	0.011758000124245882	1.6787959933280945	0.0012985608700546436	0.001523640938103199	0.001985281123779714	0.002599440631456673	0.002045240893494338	0.0016907211393117905	0.0015286807320080698	2.3560674890177324e-05	0.00031892090919427574	0.00034132077416870743	2.9481998682022095
TSC270	0.5037996470928192	0.15849849581718445	0.0006575599545612931	0.010592064820230007	0.03617006726562977	0.013720049755647779		1.3151909708976746	0.017999999225139618		0.00268470321316272	0.09336806647479534	0.07685806602239609	0.06182407587766647	0.05449204705655575	0.05890607833862305	0.06423606909811497	0.06887203827500343	0.3332560658454895	0.44645005464553833	0.47429606318473816	0.005953303538262844	0.004875104408711195	0.004203803255222738	0.0038077032659202814	0.003119802800938487	0.002918403362855315	0.0028265038272365928	0.0020748042734339833	0.0019456035224720836	0.0018872043583542109	0.07566799595952034	1.60809987783432	6.674276828765869	0.0002382777674938552	228.01589965820312	0.03103599976748228	0.838978037238121	0.004733401001431048	0.003522160928696394	0.003680880879983306	0.0036452008644118905	0.0026720010209828615	0.0022094008745625615	0.0018754409975372255	0.0002373208790231729	0.0004966010892530903	0.0005477608792716637	1.8373000025749207
TSC272	4.039025187492371	0.04770270735025406	0.0010808100341819227	0.11470405384898186	0.16598806530237198	0.32298003137111664		0.7930079996585846	0.017999999225139618		0.00566500355489552	0.5505120307207108	0.46421603858470917	0.3523580729961395	0.2885320708155632	0.19025606662034988	0.1705060675740242	0.16099204123020172	0.4106660485267639	0.5989640653133392	0.6407140791416168	0.008524704491719604	0.00755910505540669	0.006945205153897405	0.006576403975486755	0.0059201037511229515	0.0057223045732825994	0.005631104577332735	0.004849504213780165	0.004706603474915028	0.004640704253688455	0.3683200031518936	8.81559944152832	37.535879135131836	0.00010571807797532529	473.37986755371094	0.08079199865460396	1.5445039868354797	0.001208120578667149	0.0013971608714200556	0.0014586809556931257	0.0016136408667080104	0.0017891208408400416	0.0017488407320342958	0.0017160408315248787	0.00081872075679712	0.0008279607282020152	0.0007884406950324774	8.216000080108643
TSC273	0.7829936742782593	0.2120434120297432	0.0006604180380236357	0.01540405722334981	0.04686607047915459	0.01803205069154501		1.2103976011276245	0.017999999225139618		0.0027911034412682056	0.11247805878520012	0.0875280611217022	0.06834806129336357	0.05913604609668255	0.06162806786596775	0.06637205556035042	0.07073204964399338	0.33389805257320404	0.4473200589418411	0.4752180725336075	0.006055203732103109	0.004978803917765617	0.004308303585276008	0.003913203370757401	0.003226002096198499	0.0030252019641920924	0.0029333040583878756	0.002181104733608663	0.0020523035200312734	0.0019930050475522876	0.08946399390697479	2.9963998794555664	7.130757808685303	0.003988917946116999	505.9038848876953	0.029207998886704445	0.7192000448703766	0.0037326813908293843	0.0027953608660027385	0.0032436412293463945	0.0033024409785866737	0.0024584010243415833	0.002032240852713585	0.0017176010296680033	5.468077813475247e-05	0.0003182809741701931	0.0004178409290034324	3.132599949836731
TSC274	3.581472158432007	0.2585248053073883	0.0006626240210607648	0.012774047441780567	0.09284606203436852	0.01695804065093398		0.7608167231082916	0.017999999225139618		0.027130303904414177	0.20193606615066528	0.14193406701087952	0.10350006818771362	0.08507406711578369	0.07640406861901283	0.07807007059454918	0.08090405911207199	0.3388240337371826	0.455546036362648	0.48406004905700684	0.03140690457075834	0.02918750513345003	0.027642703615128994	0.026653104461729527	0.024741503410041332	0.024122602306306362	0.02382920403033495	0.02108500525355339	0.02053520642220974	0.02027440443634987	0.33492399752140045	0.5151999592781067	3.6662771701812744	0.003513077856041491	738.307861328125	0.03057399857789278	0.4213700294494629	0.00984896020963788	0.013080720324069262	0.016658760141581297	0.018303041346371174	0.019514281302690506	0.018934641033411026	0.017630239948630333	0.005943320924416184	0.005105080781504512	0.004851240897551179	-0.10890001058578491
TSC276	0.4566999524831772	0.09893221408128738	0.0006707420106977224	0.003714070364367217	0.023160066455602646	0.005630054511129856		1.4731144905090332	0.017999999225139618		0.0037941044429317117	0.06781605072319508	0.06004606559872627	0.050396062433719635	0.04599206894636154	0.055442070588469505	0.06168807111680508	0.06668606400489807	0.33233602344989777	0.44496601819992065	0.4727620631456375	0.007235104218125343	0.006001904373988509	0.005220003426074982	0.004753603599965572	0.003929704427719116	0.0036852031480520964	0.0035727033391594887	0.00263550435192883	0.0024711048463359475	0.002395704621449113	0.06889599934220314	0.2313999906182289	10.14827823638916	0.00040575787716079503	120.7119369506836	0.02124599926173687	1.653876006603241	0.005627080798149109	0.005181840620934963	0.005298720905557275	0.005189120769500732	0.003589320811443031	0.0029734011041000485	0.002686440944671631	0.0003039610310224816	0.0004942009691148996	0.000506600976223126	0.2745000123977661
TSC280	0.1854483187198639	0.1628505028784275	0.0006830260099377483	0.0013640785473398864	0.006484079407528043	0.0038260745350271463		1.8093452453613281	0.017999999225139618		0.0026190028293058276	0.03325205296278	0.03764008544385433	0.03544006496667862	0.03473608382046223	0.049656061455607414	0.05729204602539539	0.06289807334542274	0.3301900625228882	0.4412040710449219	0.4687320291996002	0.005957004614174366	0.004801805131137371	0.004079103237017989	0.0036524031311273575	0.0029120049439370632	0.0026947048027068377	0.002597105805762112	0.0017918053199537098	0.0016555043985135853	0.0015932038659229875	0.052963996306061745	0.699099987745285	9.147837162017822	0.00035319774178788066	65.01988410949707	0.0846479944884777	1.2056240737438202	0.009301600512117147	0.006778680719435215	0.0058737206272780895	0.005147521384060383	0.003110361169092357	0.002421080833300948	0.002167441009078175	0.00035524071427062154	0.0004986407584510744	0.0005534810479730368	-0.09390000160783529
TSC281	0.5746921300888062	0.07850503921508789	0.0007654900546185672	0.0037680482491850853	0.02608605846762657	0.006206073798239231		1.360488772392273	0.017999999225139618		0.0032859036000445485	0.07976606488227844	0.0713280737400055	0.05920806899666786	0.05311605520546436	0.058474039658904076	0.06396803259849548	0.0686180591583252	0.33419206738471985	0.4487060606479645	0.47679005563259125	0.0065796044655144215	0.005448104115203023	0.00473600416444242	0.00431190337985754	0.0035688040079548955	0.0033486036118119955	0.0032481038942933083	0.002411403344012797	0.0022657039808109403	0.0021989047527313232	0.07627199217677116	1.7947999238967896	11.979357242584229	0.00019071801943937317	138.27587890625	0.04541799798607826	1.2040000557899475	0.004179160692729056	0.0039366006385535	0.004097080323845148	0.004174400819465518	0.0030964809702709317	0.0025901207700371742	0.0023267209762707353	0.00022932089632377028	0.00036644078500103205	0.0003789608890656382	2.3869000673294067
TSC282	0.6824625432491302	0.27288132905960083	0.0014450219459831715	0.007628054590895772	0.0272740563377738	0.011128053534775972		1.3691564798355103	0.017999999225139618		0.0028848048532381654	0.08541006594896317	0.07658005133271217	0.06327004730701447	0.05643607676029205	0.0601800549775362	0.06529007107019424	0.06975207477807999	0.3352760225534439	0.4508760869503021	0.4791620373725891	0.0061527041252702475	0.005059505347162485	0.004374703858047724	0.003969904500991106	0.003263703896664083	0.003056105342693627	0.002960903337225318	0.0021783033153042197	0.002043404383584857	0.0019812032696790993	0.09173199161887169	7.115099906921387	36.22783660888672	0.00013363763719098642	129.8758773803711	0.10240999981760979	0.9512140154838562	0.004140240838751197	0.003794240648858249	0.003535721334628761	0.0034332808572798967	0.0027771207969635725	0.0024651610292494297	0.0022419607266783714	0.00029332085978239775	0.000340400860295631	0.0004717210686067119	9.799899578094482
TSC285	6.477214694023132	0.4846792221069336	0.0010266280733048916	0.05198007728904486	0.07771607115864754	0.14520205184817314		0.9415467381477356	0.017999999225139618		0.0037901042960584164	0.31085803359746933	0.27916207164525986	0.21814005821943283	0.18283206969499588	0.1348380669951439	0.12670206278562546	0.12315407395362854	0.38182805478572845	0.5433720350265503	0.5803620517253876	0.007042605197057128	0.006024003028869629	0.005391903454437852	0.005020403303205967	0.004375205608084798	0.004187002079561353	0.004099904675967991	0.003390603931620717	0.0032676038099452853	0.0032108044251799583	0.8430759310722351	7.236400127410889	34.08247756958008	0.0011221574968658388	597.8398895263672	0.07300800085067749	0.5977960824966431	0.0011988008336629719	0.0012411607895046473	0.0012916007544845343	0.0013682410353794694	0.0015399608528241515	0.0015780808171257377	0.0016206407453864813	0.0002926808665506542	0.0004529609577730298	0.0007517211197409779	2.4714999198913574
