Samples	acr3	amt1	amtb	arsr	cara	carb	chra	cira	cyns	dada	dpsa	expd	fepb	fepc	foca	fur	futa	gap1	gdha	glna	glnb	glsf	isib	moaa	moab	moac	moad	moae	moba	moea	nadb	napa	narb	nira	ntca	phnd	phoa	phob	phoe	phor	phox	ppa	ppk	ppx	psta	pstb	pstc	psts	ptra	spea	speb	sqdb	thio	tolq	tonb	urea	ureb	urec	ured	uree	uref	ureg	urta
TSC001	32.168800000000000	23.4658	6517.745000000000	401.2411000000000	3848.51603	1565.1282	812.9376	0.0	365.2723	3681.579310000000	0.0	0.0	0.0	0.0	0.0	7754.53094	0.0	35.295	2069.31194	4543.60848	1059.4459000000000	101.513	2061.9573200000000	1759.4597800000000	1705.1071000000000	625.11375	502.7182000000000	989.76688	1491.7563800000000	822.12249	660.4112600000000	9.68371	64.2793	171.2443	0.0	338.44814	82.4497	1170.8399900000000	100.6803	2394.0615300000000	31.684800000000000	349.08240000000000	2625.6306	2729.40405	3162.3472	2003.5473	6106.149700000000	5355.678700000000	276.1053	780.8835400000000	570.0783	0.0	479.38548	1728.8414000000000	514.4078000000000	243.9679	165.88120000000000	97.3055	1209.9457	218.508	228.9881	302.0323	1367.9817
TSC003	32.3413	128.409	1924.9316	189.1491	2304.1669	1205.7627	83.0632	0.0	192.7722	1863.5074	0.0	0.0	0.0	0.0	0.0	3123.26998	0.0	0.0	576.47039	3804.241500000000	1487.9818	277.042	324.96590000000000	1341.4886000000000	719.5053	532.54152	504.7202	476.7223	447.2592	454.2193	571.8813	0.0	0.0	80.045	294.139	397.7691	189.3541	1800.8119	272.5601	1900.1927	0.0	162.6226	1657.3259000000000	1045.9694	1037.8827	395.0852	4115.301900000000	2045.3277	144.38188	274.2488	188.4272	0.0	641.4088000000000	879.6461000000000	311.91780000000000	641.3162	398.3348	74.71340000000000	375.4980000000000	0.0	0.0	0.0	743.3958000000000
TSC005	91.8569	382.6532	2733.2435400000000	662.1592	5824.160540000000	3331.232190000000	471.88070000000000	11.9014	199.97860000000000	3724.0997000000000	0.0	0.0	0.0	0.0	0.0	5579.760030000000	0.0	0.0	1878.07459	4558.77728	3369.4834	74.3543	140.42607	2776.9107700000000	1593.9322	1083.1827000000000	1334.1284	1046.48807	1879.776	1397.7985800000000	1204.3148000000000	92.2994	218.0541	188.0219	51.2278	558.5627000000000	175.8342	1987.6788	1005.9607	3919.7505900000000	91.3981	676.5626000000000	3697.87938	3339.644100000000	1788.9437000000000	1521.1861	3390.1779	3377.876440000000	262.6825	771.5076400000000	600.67761	183.2255	1066.3843	2787.82646	1512.1928000000000	213.50959	181.54960000000000	164.0869	402.6586	159.19250000000000	212.56850000000000	305.8466	964.58938
TSC008	98.2651	22.2585	4779.224900000000	401.6265	5566.666500000000	1837.841	518.6768	0.0	115.5196	3723.5372	0.0	0.0	0.0	0.0	0.0	6693.643170000000	0.0	0.0	1510.9708500000000	5915.348550000000	1137.848	0.0	1413.627	1936.30243	1496.97014	1096.27725	1552.82445	801.36535	2074.802090000000	1013.8135	1391.21267	0.0	0.0	0.0	2619.471	616.6843700000000	132.6702	1115.6051000000000	269.0119	2627.67055	102.1879	50.14797	2369.1421	2978.5269	1673.2702	456.0093	3203.02625	4163.497400000000	164.80713	1786.4011	319.77540000000000	16.1859	975.8969900000000	1667.7529100000000	704.46485	355.71200000000000	359.7944	337.50970000000000	578.4872	305.0455	386.7721	418.7482	579.4533
TSC013	0.0	24.2871	2400.2356	18.8883	2269.6141700000000	990.99745	76.30246	0.0	44.69563	1264.2267	0.0	0.0	0.0	0.0	0.0	2356.692000000000	0.0	0.0	506.7909	3434.7500000000000	633.85979	0.0	123.7114	795.94168	591.2592	160.42840000000000	286.1889	117.4622	587.4637	201.7205	444.4166	0.0	0.0	71.2373	110.306	344.1735	110.3227	1122.3060100000000	469.7777	1464.7040000000000	0.0	58.14688	2015.7389000000000	982.43692	713.4763	674.33724	1429.5265200000000	1165.03448	34.36134	191.55650000000000	181.8197	193.8082	307.19665	1023.45592	200.8743	176.7318	86.30920000000000	89.34480000000000	413.0723	182.6744	182.6744	197.79470000000000	440.7981
TSC016	0.0	589.30765	4831.38811	635.1124000000000	5102.82834	3072.702	619.9026	0.0	593.3391	4445.527650000000	12.1037	89.7208	0.0	0.0	0.0	9841.39491	0.0	33.5616	1470.2945600000000	7596.610600000000	2378.61995	173.47660000000000	89.6459	3688.85675	1449.6308	1431.3069400000000	1602.3821000000000	1425.3793000000000	3181.6412000000000	2020.12818	1640.32281	207.171	194.4551	211.9041	154.2088	1316.333	853.2178	1623.8679700000000	1873.7305	2804.1488000000000	0.0	1087.5417100000000	5679.22946	3612.39694	1222.659	778.9543000000000	2290.88599	4050.322740000000	431.3547	1090.1681	851.4521	765.3883000000000	1049.8289	2347.12658	739.6232	1165.5835	1032.6193	708.8317000000000	1744.36744	1183.4911000000000	897.7083000000000	840.0006	1748.97572
TSC020	0.0	0.0	3271.4727100000000	110.15116	8667.648460000000	5627.30789	303.4862	0.0	131.2879	5989.2668	0.0	0.0	0.0	0.0	0.0	8031.195990000000	0.0	0.0	1225.2376700000000	6539.556860000000	1901.49097	206.111	354.7126	1668.36679	1925.6674	658.0453000000000	891.8460000000000	807.0277000000000	1330.0050100000000	1185.11124	1323.26724	203.51	71.7492	0.0	0.0	217.7737	456.8096	2568.438	427.3078	3125.971490000000	0.0	615.2629	4645.386340000000	2648.7251400000000	349.2558	734.4070200000000	1505.6922000000000	1337.6477	503.5418	460.51188	423.6078	67.4203	1118.2946000000000	2942.4961000000000	580.1858000000000	406.33829	289.32329	353.95059000000000	399.1122	215.772	134.26410000000000	182.9657	1047.1409
TSC021	0.0	0.0	3405.5200000000000	59.66068	2087.91595	2364.552800000000	52.7081	0.0	15.933	1486.16999	0.0	0.0	0.0	0.0	0.0	2579.13928	0.0	175.428	777.5386	3521.80699	810.5204000000000	2188.31	567.4956	1625.64742	827.6106000000000	450.12270000000000	364.1632	278.9498	867.5575000000000	525.2067	2012.9154100000000	0.0	0.0	22.311	2894.3458	79.6226	89.4025	904.24861	54.067890000000000	1300.5338	0.0	841.5786	555.0923	587.5478400000000	1409.7462000000000	558.9289	3511.4419700000000	2866.13234	5.69494	88.91160000000000	155.7018	41.2785	76.16773000000000	672.22381	165.96090000000000	622.07326	593.73926	575.998	1687.9504	2904.9108	3054.7282	555.4677000000000	267.9298
TSC025	0.0	0.0	2905.04913	117.8225	2485.9552	1038.8627	81.863	0.0	68.6434	2114.1129	0.0	0.0	0.0	0.0	0.0	6386.377040000000	0.0	0.0	785.13059	2683.9809200000000	971.7704	4047.07	208.3921	1060.1204100000000	633.5226	484.63931	283.0912	433.70124	1409.0522	1006.1444	2753.14818	0.0	0.0	74.3419	2342.1346	137.31710000000000	0.0	928.1726	0.0	841.1746000000000	41.6166	381.6513	545.17642	937.65143	1042.8927	601.02604	2900.834410000000	2661.86668	13.2734	125.9955	67.9045	3009.38	2384.66247	661.6959000000000	111.1165	382.9052	341.27871	268.99781	1506.4226	2631.5994	1180.04976	84.7641	167.781
TSC027	0.0	423.314	3350.92327	401.2572	2785.41728	1350.2194500000000	98.7626	0.0	0.0	1586.2224	0.0	0.0	0.0	0.0	0.0	2410.70783	0.0	0.0	718.8537000000000	3916.1635	805.2363	832.962	304.35780000000000	2201.7762200000000	1152.3419	668.3725	408.3281	471.3533	1328.5361	931.1099	386.7885	12.3612	0.0	68.105	698.3788	183.729	76.9566	755.62425	16.9329	1659.3938000000000	16.6223	409.5151	67.62860000000000	683.46392	232.3087	217.8866	2669.876490000000	1938.2004	83.576	330.39660000000000	379.1279100000000	7.55136	417.43680000000000	675.1750000000000	35.6546	349.27000000000000	339.957	284.3471	833.5752	574.3126000000000	53.5116	66.6648	0.0
TSC031	0.0	0.0	1660.3413000000000	787.9724	1563.7206900000000	811.9966700000000	181.7788	0.0	0.0	1423.2819000000000	0.0	0.0	0.0	0.0	0.0	2246.85584	0.0	25.6341	1299.3270000000000	2436.715	1418.8496000000000	652.216	276.1066	1774.5009800000000	1062.9193	385.8199	385.4525	543.7496000000000	717.2603000000000	419.5515	417.74897	18.994	0.0	72.93640000000000	239.727	189.754	16.9916	372.8423	0.0	966.2009	0.0	382.2554	73.8176	337.07438	261.87	263.7807	2398.2198000000000	2344.2664000000000	60.3324	70.059	267.64672	0.0	127.0695	928.2791600000000	98.4041	23.3779	181.3149	181.3149	194.57104000000000	0.0	0.0	0.0	0.0
TSC036	0.0	0.0	2159.1263	34.3022	1577.2430800000000	438.3245000000000	0.0	0.0	0.0	1159.5884	0.0	0.0	0.0	0.0	0.0	2613.4948	0.0	86.1533	419.2682	3872.6419	1237.1692000000000	0.0	101.9265	1993.34499	970.96972	738.7324000000000	632.6988	208.2809	1720.0068	1047.9491	350.6477	0.0	67.5293	90.4138	0.0	108.2748	57.3759	316.2545	0.0	582.6244000000000	55.7527	106.5118	41.2998	881.04733	246.369	130.6903	377.8807	211.6965	78.52670000000000	255.2619	49.6841	44.4097	66.5737	629.6571000000000	0.0	100.999	100.999	0.0	491.09800000000000	0.0	0.0	8.27875	37.7038
TSC045	27.9406	253.3888	2170.382	526.638	1395.1771300000000	592.9694	74.8881	0.0	163.5836	946.9902	0.0	62.2734	0.0	0.0	0.0	1885.1049	0.0	72.7693	437.8269	2719.6202000000000	909.6414	13.93	370.786	2589.7152	1435.2600000000000	500.7536	527.3935000000000	252.5720000000000	1024.8247	826.3171	184.3632	0.0	61.8197	107.518	391.682	102.8384	13.4659	325.26360000000000	0.0	202.58060000000000	18.6175	53.8527	107.6461	392.6914	378.18280000000000	258.5887	508.3017000000000	590.3353	65.9028	118.0446	263.8656	0.0	212.6329	1037.4373	10.8199	178.0525	0.0	0.0	225.995	0.0	0.0	0.0	105.77
TSC056	0.0	0.0	2656.1317000000000	889.83255	4194.622400000000	1556.7256000000000	172.4899	0.0	51.0889	2600.6519000000000	0.0	0.0	0.0	0.0	0.0	3168.4345000000000	0.0	0.0	1119.2727800000000	2846.3668	1202.95582	0.0	213.8616	2194.283160000000	810.6015000000000	988.4479	368.37941000000000	435.5601500000000	610.7081	473.47210000000000	670.18847	0.0	0.0	52.9821	435.692	204.6951	21.79333	1155.6552	0.0	1552.19003	0.0	176.90385000000000	115.34338	1272.4998000000000	1096.7758	377.4341	2860.4147000000000	1561.8653	104.5978	283.282	365.4866	22.4191	152.31490000000000	1273.8730000000000	111.23058	88.3762	78.0367	91.47255	194.4617	13.9874	32.6653	30.93556	177.5911
TSC060	0.0	0.0	3438.28701	48.89143	3062.3011	1653.3713000000000	134.9574	0.0	0.0	2540.1685000000000	0.0	0.0	0.0	38.4865	0.0	6544.5234	0.0	89.8301	1161.40303	4106.092500000000	829.8816000000000	0.0	148.0253	2014.292	665.25751	473.8461	333.26500000000000	140.68780000000000	879.63341	349.2162	480.0821	0.0	0.0	0.0	1904.275	83.19955	90.1692	1148.3541	0.0	2304.05846	43.366	114.4909	255.9271	976.99969	1205.5429	559.5994000000000	3238.5774	2678.9882000000000	59.4538	46.53946	278.8514	2747.78	3042.8370000000000	972.39654	43.8223	41.7256	0.0	11.1235	415.223	65.2686	65.2686	456.2669	0.0
TSC062	0.0	0.0	1605.2760200000000	521.352	3017.3799700000000	1461.8449600000000	234.6466	0.0	35.103630000000000	2235.6248	0.0	0.0	0.0	0.0	0.0	2114.85939	0.0	63.7282	400.6305	3211.796	1255.0082000000000	4314.75	189.18924	1675.2088900000000	1034.52981	503.1754000000000	649.1303	322.8492	1025.90268	393.59710000000000	327.9873	0.0	80.2837	26.3844	5624.3051	76.27710000000000	29.1208	858.9989000000000	0.0	796.8268000000000	0.0	66.36202	172.32090000000000	387.4399	943.46067	480.6254	1587.3318	3138.3251000000000	8.76686	86.3034	317.73102	9.74423	134.6809	938.7446	141.5061	56.8229	198.6993	198.6993	334.9637	5203.81	5219.0644	0.0	35.206
TSC065	0.0	0.0	2181.1511	71.82730000000000	3890.8052	2320.6168	380.6681	0.0	140.615	2256.1597	0.0	0.0	0.0	0.0	0.0	3775.42455	0.0	0.0	1504.9988000000000	4222.1717	1562.9840000000000	2790.91	180.0276	926.4981	818.7108000000000	616.0020000000000	349.0441	241.55511	796.5033000000000	701.9874000000000	2948.887640000000	0.0	61.9826	0.0	5747.664000000000	120.8735	37.1848	987.1753	0.0	1422.6497000000000	44.3621	3394.0013	189.9259	679.91335	1702.9755000000000	1490.6599000000000	2642.1511	3071.9924600000000	70.1137	7337.2941	273.2147	52.6931	271.0564	1557.1879	138.69721	428.2047	405.6629	405.6629	571.414	139.7497	171.5145	117.687	19.8625
TSC068	0.0	51.9065	4591.462500000000	2257.1196000000000	3842.5389	1681.3239	57.7096	0.0	74.7159	1779.5858	0.0	0.0	0.0	0.0	0.0	6582.864690000000	0.0	85.2288	1231.9537500000000	4442.250780000000	5221.9923	2739.9702	2084.1694	2562.4901900000000	1766.6459000000000	899.80753	295.35253	813.6973000000000	764.179	937.4138	1412.9219	0.0	338.7154	74.3945	4913.311250000000	320.2063	13.90393	615.0537400000000	0.0	919.76622	142.5902	2975.99091	56.6972	4004.3042	479.3631	260.5624	3628.87798	2083.2501	19.2511	144.48430000000000	554.1355	643.258	3676.5406	890.6979	78.23690000000000	440.5046	374.6871	74.8374	4342.397700000000	3692.3972	3623.9917	383.9364	191.48
TSC070	0.0	0.0	1545.9168000000000	52.4636	3457.61983	1332.9534	98.2344	0.0	86.369	1147.6821	0.0	0.0	0.0	0.0	0.0	2115.3884	0.0	0.0	702.5148000000000	3071.1431	592.2667	0.0	154.88900000000000	1554.2223400000000	821.69752	631.63198	388.07218	327.80241	426.33569	414.48747	208.17547	0.0	13.8345	101.818	1511.234	70.4847	0.0	431.63239	0.0	1014.6934	0.0	65.54167	82.1052	312.8318	386.1597	746.8525	1084.5993500000000	1963.7845000000000	0.0	19.0732	64.0189	918.885	143.6405	737.8352000000000	221.9971	121.322	121.322	0.0	375.6494	12.7027	600.54	11.6568	0.0
TSC071	0.0	187.673	1430.9492	319.8251	3299.4702500000000	1700.6601	40.455	0.0	112.8543	1466.5574000000000	0.0	0.0	0.0	0.0	0.0	2473.7434	0.0	146.2132	752.6134600000000	2628.5561100000000	872.8887000000000	1427.637	329.8911	1224.08003	1021.3548	885.3941	630.3747	417.1863	966.2829000000000	699.1435	363.2937	0.0	0.0	900.0023	1174.2536	78.78855000000000	32.4577	1156.0671	0.0	975.6594	128.2761	265.9286	218.3926	653.7084000000000	654.0939000000000	347.60040000000000	1257.9623	1284.4725400000000	28.0811	347.97360000000000	440.3984	332.758	173.76219000000000	1267.2705000000000	234.6715	450.75090000000000	368.5492	338.1382	425.6572000000000	79.0486	52.3416	0.0	123.318
TSC073	0.0	18.6388	1940.292	96.8044	1565.4600100000000	869.99989	139.4774	0.0	108.736	1410.9793000000000	0.0	0.0	0.0	0.0	0.0	3640.173900000000	0.0	104.6915	589.09533	2639.1871	560.6040000000000	177.03480000000000	184.93632	1840.43081	1771.3354	766.3062000000000	570.8967	816.9671000000000	1203.4463700000000	703.1171000000000	219.7285	0.0	288.45722	50.7919	1651.716	125.9538	22.023850000000000	626.4779	0.0	609.6588800000000	53.714	1467.73679	1041.2558	436.99046	574.295	840.6657	1977.2419	1162.7807900000000	0.0	0.0	352.2738	13.6568	143.5927	853.25199	191.5588	54.99	26.9572	0.0	222.8338	0.0	17.1774	17.1774	0.0
TSC078	31.2819	0.0	8597.910210000000	335.0347	4955.657300000000	1545.3108000000000	316.6959	0.0	22.0008	4564.350000000000	0.0	0.0	0.0	0.0	0.0	4432.8467	0.0	0.0	1877.47526	7074.18604	1980.58815	3867.159	3934.4925	3994.5554	1796.1396000000000	1154.84728	495.2756000000000	395.7405	1583.5396500000000	1521.5745	617.9026100000000	0.0	84.5475	49.7538	4724.4568	230.0533	0.0	623.6527000000000	0.0	1196.33348	193.8932	1150.2478	214.30674	438.5914900000000	777.8982	420.3729	2276.27881	2899.25534	18.0481	175.7333	968.2563	4345.1927000000000	348.72260000000000	2072.2205	533.3027	497.8531	375.2405	782.103	6166.441600000000	4454.779700000000	151.3184	144.1615	107.2613
TSC085	16.7172	0.0	2078.9328	215.6195	2257.29322	1332.7825	55.8617	0.0	0.0	729.2957000000000	0.0	0.0	0.0	0.0	0.0	2358.365	0.0	85.97460000000000	731.8994	2359.0046	478.6453	37.3437	42.0634	2124.9048	1139.718	1032.7489400000000	692.16654	578.40935	680.1328	681.4282	286.5314	0.0	219.298	85.3266	0.0	51.5392	43.6439	1084.06469	0.0	1636.50764	15.4112	247.8226	104.6323	463.73799	393.3482000000000	717.9253000000000	1143.31627	869.51879	10.9126	0.0	473.0325	0.0	81.17180000000000	1052.5337	125.0317	48.4062	48.4062	48.4062	545.3771000000000	1002.068	1063.513	64.9714	62.1296
TSC089	61.038450000000000	0.0	2819.6706	57.3048	2654.05555	1100.8462000000000	68.3544	0.0	0.0	2273.07	0.0	0.0	0.0	0.0	0.0	2288.4467200000000	0.0	0.0	1297.4455900000000	2961.8303000000000	874.9335	90.4091	288.3261	1636.1108000000000	1066.14632	667.5235	712.9091000000000	872.6554000000000	2268.3564	1184.1003	638.1355000000000	0.0	0.0	33.8214	47.0385	378.99300000000000	0.0	233.3494	0.0	871.5963500000000	8.14571	55.2996	122.528	508.8099	380.4084	84.795	1104.7788	853.7945000000000	50.0167	138.9057	411.3196000000000	162.315	263.3951	982.9169000000000	420.407	203.2729	180.2456	99.1921	351.36340000000000	175.68540000000000	77.1978	23.7168	36.372
TSC092	84.9136	0.0	1197.85251	37.4972	1419.2951900000000	1225.5759100000000	11.9916	0.0	52.8645	861.2537100000000	0.0	0.0	0.0	0.0	0.0	1653.48353	0.0	44.5792	816.1219500000000	1989.58236	773.4712000000000	0.0	105.43817	801.7104	648.5295000000000	364.67559	385.5218000000000	702.39239	880.11239	1144.82498	603.14138	5.28464	25.4412	54.1836	0.0	65.3992	130.9816	255.3689	0.0	399.8256	4.64395	123.38227	250.58463	813.8560100000000	130.0229	177.43398	543.5046200000000	530.9828800000000	26.959	96.94503	249.14617	0.0	228.75274	370.981	404.9797	0.0	0.0	17.7881	72.5747	0.0	124.25310000000000	128.7742	110.5623
TSC102	0.0	234.0275	465.04607	216.1525	1590.92169	797.6515	100.6158	0.0	623.4029	649.42692	0.0	0.0	0.0	0.0	0.0	1078.1709700000000	0.0	143.567	640.3787000000000	1637.65325	604.35189	0.0	582.0359	1390.2812	696.2817	878.0659000000000	453.619	145.5325	853.7683000000000	372.6303	351.45924	0.0	0.0	284.7669	276.891	161.77586	56.190090000000000	459.92431000000000	0.0	396.69515	62.462900000000000	288.7845	280.24113	453.6483	178.57670000000000	528.4545	447.9988	785.6619	97.17488	950.2892	344.0167	299.435	123.88176	394.9662	161.1372	197.8536	197.8536	197.8536	1739.0841	1510.1642000000000	160.5842	1019.7679	459.5127
TSC110	0.0	32.7528	809.2691200000000	35.9029	897.2163000000000	507.82840000000000	15.0396	0.0	51.0353	40.5358	0.0	0.0	0.0	0.0	0.0	866.6375	0.0	30.8427	323.4859700000000	1061.0069	221.8255	153.101	201.3816	524.8119	223.4223	408.1466	344.3949	372.0502	399.5313	204.08276	441.4614	0.0	6.62771	101.8487	267.405	0.0	140.2675	233.5258	0.0	300.0433	17.6063	47.7764	63.43155	201.2274	0.0	60.51342	119.064	141.79752	62.1668	314.46067	483.944	157.85570000000000	122.94709	27.4953	45.0396	214.3616	214.3616	254.7339	401.7974	295.2231	233.84	214.3616	71.7252
TSC117	55.3119	0.0	2863.5974	201.6411	1744.1842300000000	432.213	146.26420000000000	126.8815	12.7736	1386.52	0.0	0.0	0.0	0.0	0.0	2385.0329600000000	0.0	64.8867	896.1428200000000	2307.7445	521.566	0.0	175.1835	1089.61221	381.1810000000000	514.1774800000000	336.16664	127.06594	709.4686	565.2694000000000	119.4708	0.0	0.0	0.0	1454.2303	192.436	32.77894	1176.73201	0.0	1143.0358000000000	51.3582	666.5537	855.1804000000000	242.7264	817.7861	344.2938	2173.76901	1829.95233	47.1708	2277.6073	178.18053	30.557	1315.18021	651.7424	192.5452	364.9235	232.6355	242.7535	372.0049	108.3342	87.562	45.377	67.8705
TSC126	0.0	0.0	905.3586	654.1456	1272.455	1070.5294	39.1319	0.0	49.1349	91.5283	0.0	0.0	0.0	0.0	0.0	917.8008	0.0	61.2812	442.4197	1416.89093	200.1831	41.784	62.0697	270.2336	224.4444	173.1309	162.4148	126.9131	188.2287	289.7253	476.8296	0.0	0.0	120.55	40.9422	179.1752	0.0	607.4146	0.0	989.863	0.0	115.4102	195.8829	95.3918	284.0572	179.5292	1796.7193	1699.4969	0.0	66.4184	32.02	30.69	0.0	684.6877	44.7273	292.4863	292.4863	127.3287	259.6061	106.013	66.30200000000000	0.0	225.1364
TSC135	26.035	0.0	4288.415800000000	59.79650000000000	3969.1895	1143.0304	162.1241	0.0	28.1604	1599.8156	0.0	0.0	0.0	0.0	0.0	4555.6958	0.0	37.9844	678.9434000000000	4949.9778000000000	1690.4669	162.471	1745.3839	1330.5623	1197.6676000000000	532.7203000000000	27.2351	46.4776	1130.2131	894.8602	403.7115	0.0	563.205	57.54	1193.5222	136.1159	42.3617	1724.0931	0.0	1767.9749000000000	21.3862	488.9026000000000	408.9623	1848.1004	1885.8787	1400.8024000000000	3933.3146	3197.0836	20.4082	525.1148000000000	463.1178	157.988	367.8237	1542.9445000000000	122.6212	185.0095	185.0095	108.931	1141.4178	693.9629	1108.4819	75.2844	348.3139
TSC140	0.0	0.0	1499.3536000000000	0.0	1777.96227	2362.0033	104.0514	0.0	0.0	517.4129000000000	0.0	0.0	0.0	0.0	0.0	4074.468170000000	0.0	0.0	2278.5304200000000	2989.7748	1356.0475000000000	0.0	426.5066	2346.5546400000000	1092.8462100000000	1110.4545	1217.2361	951.27407	1093.3619	1437.2949	816.0526700000000	82.0175	0.0	0.0	0.0	0.0	109.45476	694.9992100000000	0.0	1157.42123	0.0	451.9205	758.68299	1203.0626	0.0	61.36193	148.3229	362.818	15.4253	136.9822	644.0034	0.0	833.77717	983.6852	931.9782	0.0	0.0	0.0	0.0	0.0	0.0	8.38702	49.7146
TSC147	175.81817000000000	64.1984	3110.415890000000	564.80637	2346.9587300000000	1469.8898700000000	364.2993	129.6875	228.10166	3843.817700000000	0.0	0.0	0.0	0.0	69.4716	4270.4169600000000	0.0	69.6991	1708.1713200000000	5218.20988	1241.43121	85.4846	475.70267	2375.8717400000000	1006.0409	1566.5389000000000	806.208	763.1758	1935.17277	720.6438	1073.98753	98.1175	181.053	179.7002	87.5518	333.45945000000000	366.1515	656.8735600000000	0.0	1135.35853	69.6849	584.8314400000000	623.96348	1301.1541	304.6488	426.5024	963.1009	734.4600600000000	1250.6513600000000	1120.26978	1095.518	149.4159	690.0467200000000	1413.6343300000000	633.3576000000000	219.00701	177.84571	171.7465	330.61603	238.3928	154.4989	115.8169	208.6942
TSC148	80.1895	130.6603	6661.005040000000	457.09405	6031.823500000000	3010.534690000000	240.7309	111.572	96.7717	5574.630000000000	0.0	0.0	0.0	0.0	16.8668	10441.883410000000	0.0	160.752	2721.77293	8748.138830000000	2637.2921	58.2661	1668.8718000000000	3315.15764	1689.4651000000000	858.0204000000000	964.7846	815.4535000000000	884.9088000000000	2176.180100000000	1316.33668	0.0	153.58996	98.991	0.0	412.3364	244.32040000000000	1382.72351	0.0	1712.54972	177.8087	420.3053	709.2467000000000	1397.4589100000000	340.7962	293.5618	664.5852900000000	1595.4212400000000	522.0975	425.6246	145.3107	252.7063	771.8234	2749.6094	643.3765	282.15197	211.5592	234.7489	732.3610700000000	348.4028	338.3356	289.5205	701.8327
TSC149	0.0	0.0	3612.931900000000	510.0518	3885.32991	1195.6527600000000	248.8017	0.0	535.4939000000000	3354.1818300000000	0.0	0.0	0.0	0.0	0.0	5037.740840000000	0.0	0.0	1104.09704	2768.4923	1404.35853	455.942	186.12938	1801.7128	839.4951000000000	1109.0931	530.8091	306.23747	730.2447	1552.7663000000000	854.7975000000000	0.0	37.7755	0.0	842.688	40.8631	11.1953	636.5453	0.0	933.5502	0.0	200.81758	354.6941800000000	780.8070000000000	300.8251	319.5457	1031.3476	1064.54739	122.51937	359.82331	681.2245000000000	701.8504000000000	401.81397	1710.2384	286.38826	471.1919	572.5146	724.0605000000000	666.8899000000000	84.2135	222.2836	84.2135	492.424
TSC152	13.4763	0.0	1114.7399000000000	121.95833	2593.70476	1240.7361	161.27908	0.0	161.45660000000000	2125.9238	0.0	0.0	0.0	0.0	0.0	2781.937420000000	0.0	18.5608	417.5394	1770.1125000000000	517.3843	0.0	156.27618	507.2583000000000	121.5853	592.6897	91.63841	72.34111	256.1908	1026.9416	544.3852	0.0	50.6426	0.0	749.396	96.4381	51.567800000000000	1052.4904	23.0088	851.6006000000000	0.0	892.8477	285.5552	357.3028	328.1924	308.4808	1647.1281	661.3307800000000	25.7132	1468.7849	241.5244	21.26015	109.8422	698.3924	126.2182	0.0	0.0	0.0	1504.5137700000000	1796.0899	113.3288	77.7027	341.2962
TSC153	16.111	0.0	2102.3013	149.7177	2322.56257	3143.8233	339.8297	38.4675	73.41460000000000	2638.6408	0.0	0.0	0.0	0.0	0.0	6439.456	0.0	0.0	1093.6415000000000	3096.7091400000000	599.8214000000000	976.464	380.2784000000000	1000.05481	369.6497	632.3674	405.8155	322.24187	367.0417	636.2409	1209.7049	0.0	283.7928	213.467	2816.0752	132.1433	0.0	655.8019	0.0	617.4614000000000	16.8035	565.56787	173.39255	564.2376000000000	470.54677	380.9585	507.49252	1448.78185	130.8009	10.6074	260.86993000000000	90.5835	184.1154	1247.2056700000000	34.44264	293.6171	1552.7571	3805.1282	1762.1761	1736.0426	1043.1534	53.3854	359.5299
TSC156	100.9798	0.0	2252.97513	340.74080000000000	3110.74976	1831.1429000000000	52.7796	0.0	30.6564	3088.84205	0.0	0.0	0.0	0.0	0.0	6015.814140000000	0.0	0.0	2437.0279	5209.6202	1940.5971	309.151	1747.39795	1772.63207	1062.31048	901.0108	1024.88337	842.0219100000000	573.1959000000000	1059.596	1019.11262	0.0	104.4714	0.0	2018.911	1913.7041	610.85566	721.5892800000000	0.0	921.67996	124.5142	1284.18294	360.5386	1115.0736	165.7327	69.016	284.55529	1398.2421	201.898	533.46655	206.20648000000000	445.3021	752.8265000000000	1050.63899	562.4232000000000	148.59850000000000	148.59850000000000	145.2185	145.2562	30.3632	91.5843	69.26600000000000	30.3632
TSC159	76.0595	93.0217	3133.1294	58.82297	3466.867790000000	1825.8967	75.41547	14.826	0.0	2051.1311500000000	0.0	0.0	0.0	0.0	0.0	3812.3334800000000	0.0	68.0296	1438.51018	3788.8132300000000	1444.31409	856.8766	1079.8165	2771.40461	1616.6587900000000	562.2308100000000	678.2491500000000	334.2704	1662.1408600000000	1325.3095000000000	537.8855	0.0	255.253	86.7354	907.1392	188.72605	166.8308	598.6655100000000	0.0	946.18129	392.6813	746.33887	298.51458	1440.42744	125.181	113.5323	394.433	110.58674000000000	0.0	842.3194600000000	244.1187	579.5792	965.02395	1107.1157000000000	588.75092	267.8605	212.0231	40.2549	136.44699	0.0	148.952	148.952	0.0
TSC163	0.0	79.9211	2036.323	206.2441	2969.09516	1470.8695	120.4145	0.0	78.4308	3075.6367200000000	0.0	0.0	0.0	0.0	0.0	3860.11226	11.2991	55.578700000000000	1579.8269000000000	3578.2496	1437.2732	529.331	731.9995000000000	2805.8597900000000	972.20649	687.1868000000000	657.0149000000000	530.34568	645.80994	579.7849300000000	480.8753000000000	0.0	172.3336	201.1648	652.97	286.82653000000000	55.3541	347.9081	0.0	529.5557	278.4815	1158.2829	177.19854	980.6361000000000	93.3487	150.2058	610.2732	408.8346	29.2811	156.0025	654.2887	587.184	293.88432	1747.6665000000000	235.17990000000000	589.9787	579.0549000000000	458.81004	867.4412000000000	218.6128	265.3893	178.0315	140.676
TSC167	32.3767	75.2051	2109.7422	558.79777	2030.2141700000000	1581.8079	156.6107	42.6323	21.4996	2440.9797	0.0	0.0	0.0	0.0	0.0	3233.1922600000000	0.0	0.0	1230.8383900000000	3185.52575	675.6460000000000	56.9983	656.4433000000000	1681.2857	1107.2401000000000	869.1239400000000	608.2684	461.1324	1414.7728	1128.0494	450.4894000000000	0.0	419.374	0.0	752.6339	156.7125	93.0638	372.6312	0.0	837.1693	31.4146	292.91964	209.59485	760.1462	81.46600000000000	142.591	226.554	697.3648	118.4471	454.80051	245.08040000000000	7.0303	847.0993	1026.0243	469.20283	277.7	89.0087	58.6558	482.612	196.636	0.0	0.0	96.569
TSC170	21.8905	0.0	2520.33172	178.618	3069.75717	1239.09839	0.0	0.0	0.0	2823.0996200000000	0.0	0.0	0.0	0.0	0.0	3771.8387600000000	0.0	0.0	1888.4671200000000	3906.07602	1609.4228500000000	0.0	825.7471700000000	3441.78303	1376.86925	963.08722	784.5809200000000	627.21319	887.1914	1314.0436100000000	949.98798	0.0	403.5722	0.0	508.819	282.1957	190.9218	470.10969	0.0	695.07483	60.6858	609.18311	573.0257000000000	845.85762	60.0907	409.07193	131.0713	1360.7871	135.08324	645.93553	356.65832000000000	394.40884	766.97795	1288.62098	444.8009	60.6914	82.167	82.167	60.6914	60.6914	60.6914	60.6914	266.62
TSC173	0.0	0.0	2892.8328	342.74164	2574.327400000000	1582.9418200000000	137.8789	0.0	0.0	2156.6443000000000	0.0	0.0	0.0	0.0	0.0	3417.312280000000	0.0	31.5683	912.47797	3615.050300000000	266.2896	815.94	1986.21111	725.8682800000000	320.88050000000000	305.70377	303.8088	342.14401	438.73232	525.8323300000000	526.6487500000000	0.0	73.3055	37.7949	1748.5263	72.7524	61.7352	250.1867	0.0	733.1793800000000	39.3228	948.92586	180.63964	1621.152	163.825	478.5431	544.0827600000000	1909.29302	49.11689	279.2362	106.877	1027.3855	1417.51538	821.8690000000000	360.77150000000000	193.98769	48.997	253.2238	3176.8087	3205.0344	136.6972	162.3818	990.006
TSC184	0.0	0.0	2518.4228300000000	230.16579	2780.6016000000000	2240.69864	0.0	0.0	27.1738	2392.09808	0.0	0.0	0.0	0.0	0.0	1683.3250200000000	0.0	0.0	1435.6818000000000	3067.573200000000	469.3068400000000	202.263	1046.7151600000000	1303.4478400000000	1178.5930000000000	822.5898700000000	911.20537	888.4797700000000	451.20262	956.96358	623.41426	0.0	98.9198	58.3797	1452.41835	325.20550000000000	309.3569	215.61511	0.0	389.06895	0.0	1861.0333000000000	353.0657	540.13612	37.5564	140.29092000000000	46.20926	461.415	74.0118	153.40507	263.71556	343.9745	409.15487	384.483	816.5649000000000	0.0	86.733	86.733	297.26356	227.185	0.0	0.0	112.89907
TSC191	0.0	0.0	1549.6889000000000	372.62107	2782.6892900000000	1586.8689600000000	125.1522	0.0	21.4175	1454.36726	0.0	0.0	0.0	20.0738	0.0	2255.18336	0.0	0.0	1747.8118600000000	2809.57952	692.9272900000000	0.0	549.6423600000000	2101.7876800000000	681.69659	1367.36247	1080.37252	1142.727	453.05607	1899.4981300000000	761.1276	21.4539	326.6411	35.2051	85.2859	234.3844	76.86310000000000	302.76920000000000	0.0	513.2526	50.5629	188.79881	143.3189	1151.57329	121.1775	252.7354	68.3107	246.53250000000000	17.236	225.7889	771.55513	39.67329	219.821	766.01381	584.35912	0.0	38.47301	54.78501	169.3507	0.0	10.5627	33.9315	21.6359
TSC199	82.6214	274.001	5046.541850000000	472.50044	5819.788170000000	3936.032110000000	218.12863	24.3296	222.65816	4164.230600000000	0.0	0.0	0.0	43.6801	0.0	5775.445010000000	0.0	31.5579	3093.64949	6455.675070000000	2628.7364	1109.3089	2241.57409	3849.41861	2192.7891600000000	1967.1414	2116.8072	1448.9908000000000	1014.10423	2914.4843	1521.59363	80.9603	3225.1468000000000	121.1292	494.631	361.9897	374.58035	913.725	11.2429	1182.12359	143.9993	2023.05559	1379.06599	2241.20786	718.9884	498.9732000000000	618.3052400000000	493.3985400000000	92.5761	598.40037	1559.6996400000000	1138.66	1599.2270100000000	2500.60503	596.64766	64.49719	71.6981	71.6981	280.98357	53.2588	261.86580000000000	292.8641	508.1306
TSC207	143.149	46.9331	2761.93479	1023.3507	3761.489780000000	2087.48561	66.1103	26.1434	75.1678	3756.841030000000	0.0	0.0	0.0	12.202	0.0	5110.362570000000	0.0	142.3556	2350.151570000000	4422.85822	1720.8429600000000	343.87530000000000	1058.9147	3138.0982900000000	1907.7495000000000	948.2037	1503.26296	1550.5512100000000	521.10894	2743.658690000000	1148.97249	0.0	456.4531	217.89315	841.662	199.8204	91.4684	605.45689	0.0	749.41614	32.1751	476.2152	384.70017	1197.30157	264.1574	115.52154	340.2322	630.054	81.86550000000000	246.63485	894.3693	31.5446	380.96899	1535.0813900000000	699.3992000000000	241.99400000000000	135.0352	103.8664	159.56101000000000	12.3708	12.3708	0.0	62.3297
TSC210	0.0	0.0	2028.50412	126.25721	2262.85033	1339.90891	66.9597	0.0	0.0	1252.4448600000000	0.0	0.0	0.0	0.0	0.0	2341.97186	0.0	18.0359	1231.9878300000000	2504.31153	697.7650900000000	247.3136	765.4126	2019.14626	950.8926	650.43303	640.72303	676.8014	557.98266	1143.62743	728.9924500000000	14.6983	341.077	95.6387	201.0961	326.7099	102.9042	289.76800000000000	0.0	280.54175	72.11500000000000	1793.13036	426.93674	1542.5412	110.536	483.0356	235.8622	541.9912000000000	76.72830000000000	248.82603	391.0634	511.482	463.32289	563.2151	471.8044	345.658	9.96237	9.96237	276.6202	0.0	0.0	118.0265	0.0
TSC213	17.1214	0.0	2439.6366000000000	566.9148	2388.45645	909.27803	11.3815	0.0	0.0	1574.7449000000000	0.0	0.0	0.0	0.0	0.0	3389.05353	0.0	38.6109	1131.2427700000000	3370.5443	897.5768100000000	4267.1050000000000	138.77122	2702.3256	486.3737700000000	399.8459	478.99795	301.09668	172.33840000000000	521.9389	978.9913	0.0	51.9898	0.0	2563.584	77.2869	31.87584	967.47475	0.0	1585.34892	47.8228	1782.3329	431.28447	1408.0016	1322.8950900000000	974.13177	4437.14979	3450.02716	9.40988	155.24620000000000	573.21008	0.0	1432.4285800000000	608.1271	304.9793	208.8635	146.4162	144.51340000000000	615.0096500000000	34.6784	59.96900000000000	34.6784	307.1342
TSC216	54.4352	74.3783	7201.183860000000	54.12746	5089.277950000000	3394.0214	479.3648	13.4009	0.0	4596.048700000000	0.0	0.0	0.0	0.0	0.0	5991.448160000000	0.0	175.9261	2533.4187	6496.441820000000	1340.6814	0.0	948.2948	5385.3467	2274.1473000000000	1116.4499300000000	963.3026	1084.4942400000000	2726.4401000000000	1739.1781900000000	1357.0359200000000	56.281	159.1914	194.6426	133.0075	1726.4751000000000	35.844	1738.4397300000000	0.0	1373.6994000000000	100.6384	413.3293	688.3085	1708.54579	396.1959	527.1785	788.4022	819.1516000000000	200.38861000000000	741.1778500000000	403.7336	379.3997	841.6117500000000	2985.9236200000000	584.3484000000000	2320.0205	2168.2374000000000	424.51990000000000	952.9236	430.29140000000000	421.2106	363.1981	495.28555
TSC219	32.9695	121.391	1823.9338	130.3477	3710.0332	1928.8261000000000	132.9663	0.0	0.0	2331.2900000000000	0.0	0.0	0.0	0.0	0.0	2925.46566	0.0	25.3417	1428.84867	3792.35203	1448.0976	265.868	913.39005	2612.0903000000000	1093.6301	805.4233000000000	378.7708	453.99326	1468.0698	1058.0657	427.32577	0.0	152.3334	0.0	1727.4662	300.308	41.9754	298.60570000000000	0.0	824.7653	119.1177	692.31913	186.425	1070.4102	64.9556	146.6366	202.1896	1564.9568	184.9021	1453.6135000000000	373.77523	845.813	705.2556	1614.6185	409.0449	122.1367	202.5569	275.14619	423.3423	21.3617	21.3617	0.0	0.0
TSC222	0.0	0.0	1808.6617	50.1966	1957.99375	1065.6449700000000	98.02918	0.0	0.0	1357.74146	0.0	0.0	0.0	0.0	0.0	3814.0035	0.0	52.6687	713.97527	4169.8513	2225.9003	3280.088	1498.49634	1643.1085000000000	769.6918000000000	329.39681	126.57273	183.4903	611.0325	606.12235	1163.8967900000000	0.0	204.9189	0.0	473.55649	73.348	31.1771	407.84213	0.0	346.99320000000000	21.2822	248.98691	76.89852	569.2968000000000	173.12028000000000	204.61956	93.94273	513.99229	51.0495	3039.05661	222.2879	41.09137	162.85930000000000	873.6354200000000	356.77114	44.1582	95.8699	155.1678	377.449	344.2646	169.41290000000000	68.4275	990.554
TSC223	0.0	0.0	3314.28943	451.38061000000000	3362.165470000000	1055.2166000000000	47.7506	0.0	231.996	1796.3914000000000	0.0	0.0	0.0	0.0	0.0	2805.07632	0.0	143.042	1235.4095000000000	2713.72589	1189.00059	98.1673	504.2354	1586.04463	705.7414	380.3469	121.6403	303.6648	1723.6559	697.8515	199.19562	0.0	0.0	125.413	995.6873	87.8932	35.32762	619.1344	0.0	880.4845600000000	0.0	2035.64775	165.02199	258.60760000000000	319.1593	267.1982	891.19661	1202.6548000000000	218.91244	297.76235	197.124	9.83107	1494.09692	1351.0380400000000	72.69166	262.1026	207.9996	196.3038	451.6286	196.3038	248.4307	72.6917	48.8514
TSC224	70.479	116.884	2335.18749	1420.7232800000000	3544.78582	2017.87292	238.3029	0.0	1630.0798000000000	1962.79168	0.0	0.0	0.0	0.0	0.0	3491.56073	0.0	0.0	1954.63	4093.96269	2036.77161	15.5257	142.62407	2438.96991	883.3127400000000	898.3327600000000	385.21715	393.86598	1168.73833	683.8344000000000	645.9500300000000	311.3666	48.5789	314.0957	226.3477	806.25994	68.4816	1749.3084	289.30613	3233.7181400000000	0.0	413.20712	3116.87129	1612.01923	1684.8362600000000	1529.1281000000000	3248.3937600000000	2125.7579	117.83908	1233.5759200000000	580.4528000000000	6.53318	490.2339	1310.756	206.74413	300.9144	597.4081	478.918	1577.3251000000000	529.2811000000000	433.9567	490.1566	103.6036
TSC227	36.5364	86.435	2184.48754	108.8706	3677.58578	1612.6551800000000	231.6786	0.0	229.8739	1899.74003	0.0	0.0	0.0	0.0	0.0	4675.18213	0.0	0.0	1225.98902	3552.7830200000000	2202.2824	125.7611	592.9185300000000	2692.9364000000000	1220.02529	1155.0613100000000	851.3569	582.1457000000000	1664.19176	1051.8265200000000	484.7975900000000	19.6426	23.8289	369.6941000000000	0.0	535.86348	150.4568	1615.2388300000000	152.0514	2410.353800000000	133.4812	312.09098000000000	1824.5945300000000	1455.0215000000000	1803.21628	1837.2892	3118.01756	3156.67749	31.67289	413.79259	425.5433	0.0	235.43011	1470.4640000000000	310.82862	451.67596	475.9529	950.11926	1450.3501	999.7137	1043.3502	974.6925	94.0475
TSC229	20.4262	86.6235	2790.14876	57.5339	2945.34916	2016.8251000000000	67.7087	0.0	68.06707	2020.7503200000000	0.0	0.0	0.0	26.0713	0.0	3524.4220000000000	0.0	249.4163	1396.3818	3467.9202	946.3700500000000	0.0	327.5031	3261.3041100000000	1263.4876	1342.6474100000000	695.7037100000000	759.6369000000000	2051.18069	1459.4091100000000	1109.13432	116.44	0.0	128.5214	77.2518	259.2456	88.16648000000000	942.8221200000000	0.0	1746.9677600000000	67.182	128.6763	1055.7272	1231.20924	853.2064600000000	649.3588	1744.3306800000000	1495.5566500000000	64.13330000000000	53.1917	751.7989	0.0	585.31738	655.77864	489.7053000000000	204.13736	61.6564	40.4293	614.1718	90.2151	111.9321	100.1352	60.509
TSC231	0.0	0.0	4512.07355	159.6875	3177.990150000000	1524.7965400000000	175.72815	0.0	65.2953	2512.31204	0.0	0.0	0.0	0.0	0.0	2744.744690000000	14.4439	34.3294	1195.34382	3164.7076100000000	1107.96295	102.2892	540.6783700000000	2665.53439	1394.8775	758.97315	999.84415	762.3597000000000	1792.3330800000000	1208.7433	336.16418	13.5609	181.3941	116.9885	0.0	542.1027000000000	17.1578	971.2439200000000	58.6773	2553.36589	39.1454	141.6856	3181.76261	1392.413	1147.7556000000000	1154.8158500000000	2131.04177	4437.540150000000	14.1764	275.52236	856.3411000000000	123.6453	349.68410000000000	2092.4237	243.2095	421.50048	344.2371	344.2371	1188.3891	127.2971	152.685	204.9801	174.93765
TSC233	0.0	320.3608	3728.60808	348.3582	3576.13543	1389.75196	129.7905	0.0	203.8458	2051.1041000000000	0.0	0.0	0.0	0.0	0.0	3761.78292	10.7306	60.2569	1478.46654	3590.4513400000000	531.1115000000000	80.9674	850.2541	2122.77255	1972.52379	1063.83593	968.30555	551.5147000000000	2486.8866	1266.74377	1025.86075	0.0	223.226	42.6602	438.6397	602.5155	121.9002	1304.8931000000000	437.1031	2820.55472	80.049	44.2884	2255.7638500000000	1200.5790000000000	1878.0693700000000	1332.5514000000000	3694.0583500000000	3922.66023	51.3766	430.41120000000000	555.8286000000000	210.4959	259.68607	2069.9486	224.31837	306.8543	313.9578	336.5878	655.3535000000000	199.4508	250.789	250.1647	304.9452
TSC235	8.37917	29.1129	3160.2498000000000	229.3847	3008.7697800000000	1232.755	74.822	0.0	163.0617	1872.538	0.0	0.0	0.0	0.0	0.0	2977.498250000000	0.0	0.0	1304.2808900000000	3544.8728400000000	468.71339	88.1709	392.88622	3117.445920000000	1108.5491800000000	966.2970400000000	630.3007500000000	890.0709	1848.98783	1028.92921	980.1287	0.0	0.0	127.0855	234.5754	542.87751	38.245000000000000	804.2735800000000	113.4447	3303.310030000000	87.43209	182.96412	2107.3052	1796.1755000000000	1392.4007000000000	1488.55179	3120.923800000000	3428.2094800000000	25.42848	351.7006	904.257	98.1823	445.7067	856.03803	183.8237	365.57558	270.127	208.905	327.6786	149.5798	172.9687	97.95510000000000	33.5418
TSC237	39.1101	0.0	4207.57941	140.8872	2403.8084800000000	1134.6688	63.3316	0.0	109.50074	2349.46344	0.0	0.0	0.0	0.0	0.0	3101.4205	0.0	13.8672	1284.96823	2244.1617	1488.0884000000000	0.0	227.78840000000000	1896.98998	1098.17795	861.95372	785.9744000000000	829.799	2470.58225	936.44428	764.2862700000000	0.0	185.234	363.0841	0.0	247.90642	37.2851	1302.5997800000000	62.5608	2960.5805100000000	0.0	999.90156	2574.9003	2817.6597000000000	866.8741	1287.2321800000000	4389.4917	3345.3239700000000	33.17	453.165	692.3509000000000	0.0	143.9178	1301.3732	164.15596	205.61836	147.77416	18.6634	528.8919	291.5377	295.3801	0.0	157.6758
TSC239	143.119	15.6003	4276.48254	65.30959	3020.2326300000000	1700.4048900000000	154.2145	0.0	38.0442	2880.64047	0.0	0.0	0.0	0.0	0.0	3737.93953	0.0	13.7538	1691.4539100000000	4583.778300000000	1076.3106000000000	37.4953	536.6591	2614.35643	1064.0667	1111.5314	892.0417000000000	1027.27491	2029.20536	1263.1045000000000	489.24634	0.0	0.0	130.1062	48.5266	157.2837	0.0	904.01965	15.2757	3449.583470000000	0.0	76.554	1106.2451	734.6431900000000	971.64806	719.8587	5128.839390000000	5480.381410000000	48.84398	636.1127	666.3632000000000	193.459	707.08473	1432.17083	533.974	24.611	0.0	24.611	345.76890000000000	85.7659	144.4345	391.7662	240.91995000000000
TSC242	77.7585	117.3851	3490.21643	35.3622	2778.53601	1573.2622700000000	68.7245	0.0	28.4404	2312.59259	0.0	0.0	0.0	0.0	0.0	3629.5680200000000	0.0	110.3819	1934.1464	3397.8689400000000	967.5242	38.7204	832.6359	2936.778100000000	1400.546	1822.94939	1500.7715000000000	983.6452	1541.1211000000000	876.2628400000000	1029.25968	56.2003	0.0	187.67714	477.2846	397.3842	34.171	1353.60065	0.0	2746.6734	75.34391000000000	131.29149000000000	494.73320000000000	833.0488100000000	1134.16286	606.0082800000000	4553.289510000000	3054.87172	29.5639	404.2087	678.0191	79.22529	555.7266	983.0725	433.1542	269.9899	234.4166	168.5749	560.95	125.0552	104.9141	38.3124	147.86080000000000